Issue,tunIss,CodeEx,Description,Local,Tunnel
IS221,BOBIGNY,CAM-INTRU/IS221,Caméra anti-intrusion de l'Issue de secours n°221 - Tunnel de Bobigny,L10.454V,BOBIGNY
IS222,BOBIGNY,CAM-INTRU/IS222,Caméra anti-intrusion de l'Issue de secours n°222 - Tunnel de Bobigny,L10.455W,BOBIGNY
IS223,BOBIGNY,CAM-INTRU/IS223,Caméra anti-intrusion de l'Issue de secours n°223 - Tunnel de Bobigny,L10.456X,BOBIGNY
IS224,BOBIGNY,CAM-INTRU/IS224,Caméra anti-intrusion de l'Issue de secours n°224 - Tunnel de Bobigny,L10.457Y,BOBIGNY
IS225,BOBIGNY,CAM-INTRU/IS225,Caméra anti-intrusion de l'Issue de secours n°225 - Tunnel de Bobigny,L10.458A,BOBIGNY
IS226,BOBIGNY,CAM-INTRU/IS226,Caméra anti-intrusion de l'Issue de secours n°226 - Tunnel de Bobigny,L10.459C,BOBIGNY
IS227,BOBIGNY,CAM-INTRU/IS227,Caméra anti-intrusion de l'Issue de secours n°227 - Tunnel de Bobigny,L10.461E,BOBIGNY
IS228,BOBIGNY,CAM-INTRU/IS228,Caméra anti-intrusion de l'Issue de secours n°228 - Tunnel de Bobigny,L10.462F,BOBIGNY
IS229,BOBIGNY,CAM-INTRU/IS229,Caméra anti-intrusion de l'Issue de secours n°229 - Tunnel de Bobigny,L10.463G,BOBIGNY
IS228A,BOBIGNY,CAM-INTRU/IS228A,Caméra anti-intrusion de l'Issue de secours n°228A - Tunnel de Bobigny,L10.465J,BOBIGNY
IS232,BOBIGNY,CAM-INTRU/IS232,Caméra anti-intrusion de l'Issue de secours n°232 - Tunnel de Bobigny,L10.466K,BOBIGNY
IS237A,BOBIGNY,CAM-INTRU/IS237A,Caméra anti-intrusion de l'Issue de secours n°237A - Tunnel de Bobigny,L10.467L,BOBIGNY
IS234,BOBIGNY,CAM-INTRU/IS234,Caméra anti-intrusion de l'Issue de secours n°234 - Tunnel de Bobigny,L10.468M,BOBIGNY
IS235,BOBIGNY,CAM-INTRU/IS235,Caméra anti-intrusion de l'Issue de secours n°235 - Tunnel de Bobigny,L10.469N,BOBIGNY
IS236,BOBIGNY,CAM-INTRU/IS236,Caméra anti-intrusion de l'Issue de secours n°236 - Tunnel de Bobigny,L10.471R,BOBIGNY
IS237,BOBIGNY,CAM-INTRU/IS237,Caméra anti-intrusion de l'Issue de secours n°237 - Tunnel de Bobigny,L10.472S,BOBIGNY
IS238,BOBIGNY,CAM-INTRU/IS238,Caméra anti-intrusion de l'Issue de secours n°238 - Tunnel de Bobigny,L10.473T,BOBIGNY
IS239,BOBIGNY,CAM-INTRU/IS239,Caméra anti-intrusion de l'Issue de secours n°239 - Tunnel de Bobigny,L10.474U,BOBIGNY
IS240,BOBIGNY,CAM-INTRU/IS240,Caméra anti-intrusion de l'Issue de secours n°240 - Tunnel de Bobigny,L10.475V,BOBIGNY
IS241,BOBIGNY,CAM-INTRU/IS241,Caméra anti-intrusion de l'Issue de secours n°241 - Tunnel de Bobigny,L10.476W,BOBIGNY
IS238A,BOBIGNY,CAM-INTRU/IS238A,Caméra anti-intrusion de l'Issue de secours n°238A - Tunnel de Bobigny,L10.477X,BOBIGNY
IS243,BOBIGNY,CAM-INTRU/IS243,Caméra anti-intrusion de l'Issue de secours n°243 - Tunnel de Bobigny,L10.478Y,BOBIGNY
IS224A,BOBIGNY,CAM-INTRU/IS224A,Caméra anti-intrusion de l'Issue de secours n°224A - Tunnel de Bobigny,L10.479A,BOBIGNY
IS245,BOBIGNY,CAM-INTRU/IS245,Caméra anti-intrusion de l'Issue de secours n°245 - Tunnel de Bobigny,L10.481D,BOBIGNY
IS351,LANDY,CAM-INTRU/IS351,Caméra anti-intrusion de l'Issue de secours n°351 - Tunnel du Landy,L10.562Y,LANDY
IS352,LANDY,CAM-INTRU/IS352,Caméra anti-intrusion de l'Issue de secours n°352 - Tunnel du Landy,L10.563A,LANDY
IS353,LANDY,CAM-INTRU/IS353,Caméra anti-intrusion de l'Issue de secours n°353 - Tunnel du Landy,L10.564C,LANDY
IS354,LANDY,CAM-INTRU/IS354,Caméra anti-intrusion de l'Issue de secours n°354 - Tunnel du Landy,L10.565D,LANDY
IS355,LANDY,CAM-INTRU/IS355,Caméra anti-intrusion de l'Issue de secours n°355 - Tunnel du Landy,L10.566E,LANDY
IS356,LANDY,CAM-INTRU/IS356,Caméra anti-intrusion de l'Issue de secours n°356 - Tunnel du Landy,L10.567F,LANDY
IS357,LANDY,CAM-INTRU/IS357,Caméra anti-intrusion de l'Issue de secours n°357 - Tunnel du Landy,L10.568G,LANDY
IS358,LANDY,CAM-INTRU/IS358,Caméra anti-intrusion de l'Issue de secours n°358 - Tunnel du Landy,L10.569H,LANDY
IS359,LANDY,CAM-INTRU/IS359,Caméra anti-intrusion de l'Issue de secours n°359 - Tunnel du Landy,L10.571K,LANDY
IS360,LANDY,CAM-INTRU/IS360,Caméra anti-intrusion de l'Issue de secours n°360 - Tunnel du Landy,L10.572L,LANDY
IS361,LANDY,CAM-INTRU/IS361,Caméra anti-intrusion de l'Issue de secours n°361 - Tunnel du Landy,L10.573M,LANDY
IS362,LANDY,CAM-INTRU/IS362,Caméra anti-intrusion de l'Issue de secours n°326 - Tunnel du Landy,L10.574N,LANDY
IS363,LANDY,CAM-INTRU/IS363,Caméra anti-intrusion de l'Issue de secours n°363 - Tunnel du Landy,L10.575P,LANDY
IS364,LANDY,CAM-INTRU/IS364,Caméra anti-intrusion de l'Issue de secours n°364 - Tunnel du Landy,L10.576R,LANDY
IS365,LANDY,CAM-INTRU/IS365,Caméra anti-intrusion de l'Issue de secours n°365 - Tunnel du Landy,L10.577S,LANDY
IS366,LANDY,CAM-INTRU/IS366,Caméra anti-intrusion de l'Issue de secours n°366 - Tunnel du Landy,L10.578T,LANDY
IS367,LANDY,CAM-INTRU/IS367,Caméra anti-intrusion de l'Issue de secours n°367 - Tunnel du Landy,L10.579U,LANDY
IS368,LANDY,CAM-INTRU/IS368,Caméra anti-intrusion de l'Issue de secours n°368 - Tunnel du Landy,L10.581W,LANDY
IS369,LANDY,CAM-INTRU/IS369,Caméra anti-intrusion de l'Issue de secours n°369 - Tunnel du Landy,L10.582X,LANDY
IS370,LANDY,CAM-INTRU/IS370,Caméra anti-intrusion de l'Issue de secours n°370 - Tunnel du Landy,L10.583Y,LANDY
IS457,SAINT-CLOUD,CAM-INTRU/IS457,Caméra anti-intrusion de la Galerie évacuation W IS457,L10.641T,SAINT-CLOUD
IS463,SAINT-CLOUD,CAM-INTRU/IS463,Caméra anti-intrusion de la Galerie évacuation W IS463,L11.515H,SAINT-CLOUD
IS230-1,,CAM-INTRU/IS230-1,Caméra anti-intrusion de l'Issue de secours n°230 - Tunnel de Bobigny,L10.464H,BOBIGNY
IS230-2,,CAM-INTRU/IS230-2,Caméra anti-intrusion de l'Issue de secours n°230 - Tunnel de Bobigny,L10.464H,BOBIGNY
IS460-1,,CAM-INTRU/IS460-1,Caméra anti-intrusion de la Galerie évacuation W en bas de TDP,L10.644W,SAINT-CLOUD
IS460-2,,CAM-INTRU/IS460-2,Caméra anti-intrusion de la Galerie technique W TDP,L10.644W,SAINT-CLOUD
PARIS-1,,CAM-INTRU/PARIS-1,Caméra anti-intrusion de la Galerie évacuation Y IS451,L10.316G,SAINT-CLOUD
PARIS-2,,CAM-INTRU/PARIS-2,Caméra anti-intrusion de la Galerie évacuation Y IS451,L10.316G,SAINT-CLOUD
PARIS-3,,CAM-INTRU/PARIS-3,Caméra anti-intrusion de la Galerie Y Poste Paris,L10.316G,SAINT-CLOUD
