iss,CodeEx,Entité,Tunnel,Axe,Sens,Pr,Description,Local,Tatouage
IS128,CAM/IS128,AGER_OUEST_N,LA_DEFENSE,A14,W,30909.0,Caméra Issue de secours n°128 - Tunnel de Nanterre-La Défense,L10.396C,E72.874F
IS129,CAM/IS129,AGER_OUEST_N,LA_DEFENSE,A14,W,30756.0,Caméra Issue de secours n°129 - Tunnel de Nanterre-La Défense,L10.397D,E72.875G
IS137,CAM/IS137,AGER_OUEST_N,LA_DEFENSE,A14,W,30524.0,Caméra Issue de secours n°137 - Tunnel de Nanterre-La Défense,L10.406N,E72.876H
IS138,CAM/IS138,AGER_OUEST_N,LA_DEFENSE,A14,W,30286.0,Caméra Issue de secours n°138 - Tunnel de Nanterre-La Défense,L10.407P,E72.877J
IS139,CAM/IS139,AGER_OUEST_N,LA_DEFENSE,A14,W,30145.0,Caméra Issue de secours n°139 - Tunnel de Nanterre-La Défense,L10.408R,E72.878K
IS140,CAM/IS140,AGER_OUEST_N,LA_DEFENSE,A14,W,20903.0,Caméra Issue de secours n°140 - Tunnel de Nanterre-La Défense,L10.409S,E72.879L
IS141,CAM/IS141,AGER_OUEST_N,LA_DEFENSE,A14,W,20760.0,Caméra Issue de secours n°141 - Tunnel de Nanterre-La Défense,L10.411U,E72.881N
IS142,CAM/IS142,AGER_OUEST_N,LA_DEFENSE,A14,W,20559.0,Caméra Issue de secours n°142 - Tunnel de Nanterre-La Défense,L10.412V,E72.882P
IS143,CAM/IS143,AGER_OUEST_N,LA_DEFENSE,A14,W,20337.0,Caméra Issue de secours n°143 - Tunnel de Nanterre-La Défense,L10.413W,E72.883R
IS144,CAM/IS144,AGER_OUEST_N,LA_DEFENSE,A14,W,20259.0,Caméra Issue de secours n°144 - Tunnel de Nanterre-La Défense,L10.414X,E72.884S
IS145,CAM/IS145,AGER_OUEST_N,LA_DEFENSE,N314,W,10840.0,Caméra Issue de secours n°145 - Tunnel de Nanterre-La Défense,L10.415Y,E72.885T
IS146,CAM/IS146,AGER_OUEST_N,LA_DEFENSE,A14,W,20017.0,Caméra Issue de secours n°146 - Tunnel de Nanterre-La Défense,L10.416A,E72.886U
IS147,CAM/IS147,AGER_OUEST_N,LA_DEFENSE,A14,W,10826.0,Caméra Issue de secours n°147 - Tunnel de Nanterre-La Défense,L10.417C,E72.887V
IS148,CAM/IS148,AGER_OUEST_N,LA_DEFENSE,A14,W,10659.0,Caméra Issue de secours n°148 - Tunnel de Nanterre-La Défense,L10.418D,E72.888W
IS149,CAM/IS149,AGER_OUEST_N,LA_DEFENSE,A14,W,10442.0,Caméra Issue de secours n°149 - Tunnel de Nanterre-La Défense,L10.419E,E72.889X
IS150,CAM/IS150,AGER_OUEST_N,LA_DEFENSE,A14,W,10261.0,Caméra Issue de secours n°150 - Tunnel de Nanterre-La Défense,L10.421G,E72.891A
IS151,CAM/IS151,AGER_OUEST_N,LA_DEFENSE,A14,W,10045.0,Caméra Issue de secours n°151 - Tunnel de Nanterre-La Défense,L10.422H,E72.892C
IS152,CAM/IS152,AGER_OUEST_N,LA_DEFENSE,A14,W,784.0,Caméra Issue de secours n°152 - Tunnel de Nanterre-La Défense,L10.423J,E72.893D
IS157,CAM/IS157,AGER_OUEST_N,LA_DEFENSE,A14,W,465.0,Caméra Issue de secours n°157 - Tunnel de Nanterre-La Défense,L10.836A,E72.894E
IS158,CAM/IS158,AGER_OUEST_N,LA_DEFENSE,A14,W,264.0,Caméra Issue de secours n°158 - Tunnel de Nanterre-La Défense,L10.837C,E72.895F
IS101,CAM/IS101,AGER_OUEST_N,LA_DEFENSE,A14,Y,295.0,Caméra Issue de secours n°101 - Tunnel de Nanterre-La Défense,L10.366R,E72.896G
IS102,CAM/IS102,AGER_OUEST_N,LA_DEFENSE,N192,Y,60.0,Caméra Issue de secours n°102 - Tunnel de Nanterre-La Défense (Bretelle N192),L10.367S,E72.897H
IS104,CAM/IS104,AGER_OUEST_N,LA_DEFENSE,A14,Y,935.0,Caméra Issue de secours n°104 - Tunnel de Nanterre-La Défense,L10.369U,E72.898J
IS106,CAM/IS106,AGER_OUEST_N,LA_DEFENSE,A14,Y,10247.0,Caméra Issue de secours n°106 - Tunnel de Nanterre-La Défense,L10.372X,E72.899K
IS107,CAM/IS107,AGER_OUEST_N,LA_DEFENSE,A14,Y,10439.0,Caméra Issue de secours n°107 - Tunnel de Nanterre-La Défense,L10.373Y,E72.901M
IS108,CAM/IS108,AGER_OUEST_N,LA_DEFENSE,A14,Y,10656.0,Caméra Issue de secours n°108 - Tunnel de Nanterre-La Défense,L10.374A,E72.902N
IS109,CAM/IS109,AGER_OUEST_N,LA_DEFENSE,A14,Y,10821.0,Caméra Issue de secours n°109 - Tunnel de Nanterre-La Défense,L10.375C,E72.903P
IS110,CAM/IS110,AGER_OUEST_N,LA_DEFENSE,A14,Y,20005.0,Caméra Issue de secours n°110 - Tunnel de Nanterre-La Défense,L10.376D,E72.904R
IS112,CAM/IS112,AGER_OUEST_N,LA_DEFENSE,A14,Y,20252.0,Caméra Issue de secours n°112 - Tunnel de Nanterre-La Défense,L10.378F,E72.905S
IS113,CAM/IS113,AGER_OUEST_N,LA_DEFENSE,A14,Y,20329.0,Caméra Issue de secours n°113 - Tunnel de Nanterre-La Défense,L10.379G,E72.906T
IS114,CAM/IS114,AGER_OUEST_N,LA_DEFENSE,A14,Y,20548.0,Caméra Issue de secours n°114 - Tunnel de Nanterre-La Défense,L10.381J,E72.907U
IS115,CAM/IS115,AGER_OUEST_N,LA_DEFENSE,A14,Y,20753.0,Caméra Issue de secours n°115 - Tunnel de Nanterre-La Défense,L10.382K,E72.908V
IS116,CAM/IS116,AGER_OUEST_N,LA_DEFENSE,A14,Y,20995.0,Caméra Issue de secours n°116 - Tunnel de Nanterre-La Défense,L10.383L,E72.909W
IS117,CAM/IS117,AGER_OUEST_N,LA_DEFENSE,A14,Y,30136.0,Caméra Issue de secours n°117 - Tunnel de Nanterre-La Défense,L10.384M,E72.911Y
IS118,CAM/IS118,AGER_OUEST_N,LA_DEFENSE,A14,Y,30286.0,Caméra Issue de secours n°118 - Tunnel de Nanterre-La Défense,L10.385N,E72.912A
IS119,CAM/IS119,AGER_OUEST_N,LA_DEFENSE,A14,Y,30429.0,Caméra Issue de secours n°119 - Tunnel de Nanterre-La Défense,L10.386P,E72.913C
IS121,CAM/IS121,AGER_OUEST_N,LA_DEFENSE,A14,Y,30598.0,Caméra Issue de secours n°121 - Tunnel de Nanterre-La Défense,L10.388S,E72.914D
IS122,CAM/IS122,AGER_OUEST_N,ECHANGEUR_NANTERRE,A14XA86,Y>E,100.0,Caméra Issue de secours n°122 - Tunnel de Nanterre-La Défense,L10.389T,E72.915E
IS127,CAM/IS127,AGER_OUEST_N,LA_DEFENSE,A14,Y,30946.0,Caméra Issue de secours n°127 - Tunnel de Nanterre-La Défense,L10.395A,E72.916F
IS502,CAM/IS502,AGER_OUEST_N,NEUILLY,N13,W,80079.0,Caméra Issue de secours n°502 - Tunnel de Neuilly,L10.669C,E72.917G
IS501,CAM/IS501,AGER_OUEST_N,NEUILLY,N13,Y,80068.0,Caméra Issue de secours n°501 - Tunnel de Neuilly,L10.668A,E72.918H
IS123,CAM/IS123,AGER_OUEST_N,ECHANGEUR_NANTERRE,A14XA86,Y>E,270.0,Caméra Issue de secours n°123 - Tunnel de Nanterre-La Défense (Bretelle B1),L10.391V,E72.919J
IS124,CAM/IS124,AGER_OUEST_N,ECHANGEUR_NANTERRE,A14XA86,Y>E,470.0,Caméra Issue de secours n°124 - Tunnel de Nanterre-La Défense (Bretelle B1),L10.392W,E72.921L
IS125,CAM/IS125,AGER_OUEST_N,ECHANGEUR_NANTERRE,A14XA86,Y>E,520.0,Caméra Issue de secours n°125 - Tunnel de Nanterre-La Défense (Bretelle B1),L10.393X,E72.922M
IS126,CAM/IS126,AGER_OUEST_N,ECHANGEUR_NANTERRE,A14XA86,Y>E,726.0,Caméra Issue de secours n°126 - Tunnel de Nanterre-La Défense (Bretelle B1),L10.394Y,E72.923N
IS130,CAM/IS130,AGER_OUEST_N,ECHANGEUR_NANTERRE,A14XA86,E>Y,130.0,Caméra Issue de secours n°130 - Tunnel de Nanterre-La Défense (Bretelle B3-B4),L10.398E,E72.925R
IS132,CAM/IS132,AGER_OUEST_N,ECHANGEUR_NANTERRE,A14XA86,E>W,246.0,Caméra Issue de secours n°132 - Tunnel de Nanterre-La Défense (Bretelle B3),L10.401H,E72.926S
IS131,CAM/IS131,AGER_OUEST_N,ECHANGEUR_NANTERRE,A14XA86,E>Y,290.0,Caméra Issue de secours n°131 - Tunnel de Nanterre-La Défense (Bretelle B4),L10.399F,E72.927T
IS133,CAM/IS133,AGER_OUEST_N,ECHANGEUR_NANTERRE,A14XA86,E>W,403.0,Caméra Issue de secours n°133 - Tunnel de Nanterre-La Défense (Bretelle B3),L10.402J,E72.928U
IS134,CAM/IS134,AGER_OUEST_N,ECHANGEUR_NANTERRE,A14XA86,E>W,578.0,Caméra Issue de secours n°134 - Tunnel de Nanterre-La Défense (Bretelle B3),L10.403K,E72.929V
IS135,CAM/IS135,AGER_OUEST_N,ECHANGEUR_NANTERRE,A14XA86,E>W,700.0,Caméra Issue de secours n°135 - Tunnel de Nanterre-La Défense (Bretellle B3),L10.404L,E72.931X
IS176,CAM/IS176,AGER_OUEST_N,ECHANGEUR_NANTERRE,A14XA86,I>W,119.0,Caméra Issue de secours n°176 - Tunnel de Nanterre-La Défense (Bretelle B8),L10.435X,E72.932Y
IS177,CAM/IS177,AGER_OUEST_N,ECHANGEUR_NANTERRE,A14XA86,I>W,315.0,Caméra Issue de secours n°177 - Tunnel de Nanterre-La Défense (Bretelle B8),L10.436Y,E72.933A
IS155,CAM/IS155,AGER_OUEST_N,LA_DEFENSE,N1013,W,100.0,Caméra Issue de secours n°155 - Tunnel de Nanterre-La Défense (Bretelle N1013),L10.834X,E72.934C
IS156,CAM/IS156,AGER_OUEST_N,LA_DEFENSE,N192,W,200.0,Caméra Issue de secours n°156 - Tunnel de Nanterre-La Défense (Bretelle N1013),L10.835Y,E72.935D
IS111,CAM/IS111,AGER_OUEST_N,LA_DEFENSE,N314,Y,10767.0,Caméra Issue de secours n°111 - Tunnel de Nanterre-La Défense (Bretelle N314),L10.377E,E72.936E
IS179,CAM/IS179,AGER_OUEST_N,NANTERRE_CENTRE,A86OUEST,E,790950.0,Caméra Issue de secours n°179 - Tunnel de Nanterre-La Défense,L10.438C,E72.937F
IS180,CAM/IS180,AGER_OUEST_N,NANTERRE_CENTRE,A86OUEST,E,790818.0,Caméra Issue de secours n°180 - Tunnel de Nanterre-La Défense,L10.439D,E72.938G
IS181,CAM/IS181,AGER_OUEST_N,NANTERRE_CENTRE,A86OUEST,E,790675.0,Caméra Issue de secours n°181 - Tunnel de Nanterre-La Défense,L10.441F,E72.939H
IS182,CAM/IS182,AGER_OUEST_N,NANTERRE_CENTRE,A86OUEST,E,790477.0,Caméra Issue de secours n°182 - Tunnel de Nanterre-La Défense,L10.442G,E72.941K
IS183,CAM/IS183,AGER_OUEST_N,NANTERRE_CENTRE,A86OUEST,E,790334.0,Caméra Issue de secours n°183 - Tunnel de Nanterre-La Défense,L10.443H,E72.942L
IS184,CAM/IS184,AGER_OUEST_N,NANTERRE_CENTRE,A86OUEST,E,790116.0,Caméra Issue de secours n°184 - Tunnel de Nanterre-La Défense,L10.444J,E72.943M
IS171,CAM/IS171,AGER_OUEST_N,NANTERRE_CENTRE,A86OUEST,I,790116.0,Caméra Issue de secours n°171 - Tunnel de Nanterre-La Défense,L10.429R,E72.944N
IS172,CAM/IS172,AGER_OUEST_N,NANTERRE_CENTRE,A86OUEST,I,790344.0,Caméra Issue de secours n°172 - Tunnel de Nanterre-La Défense,L10.431T,E72.945P
IS173,CAM/IS173,AGER_OUEST_N,NANTERRE_CENTRE,A86OUEST,I,790492.0,Caméra Issue de secours n°173 - Tunnel de Nanterre-La Défense,L10.432U,E72.946R
IS174,CAM/IS174,AGER_OUEST_N,NANTERRE_CENTRE,A86OUEST,I,790687.0,Caméra Issue de secours n°174- Tunnel de Nanterre-La Défense,L10.433V,E72.947S
IS175,CAM/IS175,AGER_OUEST_N,NANTERRE_CENTRE,A86OUEST,I,790814.0,Caméra Issue de secours n°175 - Tunnel de Nanterre-La Défense,L10.434W,E72.948T
IS178,CAM/IS178,AGER_OUEST_N,NANTERRE_CENTRE,A86OUEST,I,800095.0,Caméra Issue de secours n°178 - Tunnel de Nanterre-La Défense,L10.437A,E72.949U
IS103,CAM/IS103,AGER_OUEST_N,LA_DEFENSE,A14,Y,735.0,Caméra Issue de secours n°103 - Tunnel de Nanterre-La Défense,L10.368T,E73.118V
IS103,CAM/IS103A,AGER_OUEST_N,LA_DEFENSE,N192,Y,300.0,Caméra Issue de secours n°103a - Tunnel de Nanterre-La Défense,L10.425L,E73.119W
IS105,CAM/IS105,AGER_OUEST_N,LA_DEFENSE,A14,Y,10100.0,Caméra Issue de secours n°105 - Tunnel de Nanterre-La Défense,L10.371W,E73.121Y
IS153,CAM/IS153,AGER_OUEST_N,LA_DEFENSE,A14,W,661.0,Caméra Issue de secours n°153 - Tunnel de Nanterre-La Défense,L10.424K,E73.122A
IS154,CAM/IS154,AGER_OUEST_N,LA_DEFENSE,N192,W,300.0,Caméra Issue de secours n°154 - Tunnel de Nanterre-La Défense,L10.426M,E73.123C
IS511,CAM/IS511,AGER_OUEST_N,SEVINES,N315,Y,30027.0,Caméra Issue de secours n°511 - Tunnel des Sévines,L10.671E,E73.138U
IS512,CAM/IS512,AGER_OUEST_N,SEVINES,N315,Y,30235.0,Caméra Issue de secours n°512 - Tunnel des Sévines,L10.672F,E73.139V
IS515,CAM/IS515,AGER_OUEST_N,SEVINES,N315,W,30240.0,Caméra Issue de secours n°515 - Tunnel des Sévines,L10.675J,E73.141X
IS516,CAM/IS516,AGER_OUEST_N,SEVINES,N315,W,30030.0,Caméra Issue de secours n°516 - Tunnel des Sévines,L10.676K,E73.142Y
IS503,CAM/IS503,AGER_OUEST_N,NEUILLY,N13,W,80190.0,Caméra Issue de secours n°503 - Tunnel de Neuilly,L11.513F,E73.521A
IS504,CAM/IS504,AGER_OUEST_N,NEUILLY,N13,W,70980.0,Caméra Issue de secours n°504 - Tunnel de Neuilly,L11.514G,E73.522C
IS185,CAM/IS185,AGER_OUEST_N,ECHANGEUR_NANTERRE,A14XA86,W>I,389.0,Caméra Issue de secours n°185 - Tunnel de Nanterre-La Défense,L11.773P,E74.099N
IS186,CAM/IS186,AGER_OUEST_N,ECHANGEUR_NANTERRE,A14XA86,W>I,590.0,Caméra Issue de secours n°186 - Tunnel de Nanterre-La Défense,L11.774R,E74.101R
IS272,CAM/IS272,AGER_EST,GUY-MOQUET,A86EST,I,430994.0,Caméra Issue de secours n°272 - Tunnel Guy Môquet,L10.504F,E73.082D
IS273,CAM/IS273,AGER_EST,GUY-MOQUET,A86EST,I,440108.0,Caméra Issue de secours n°273 - Tunnel Guy Môquet,L10.505G,E73.083E
IS274,CAM/IS274,AGER_EST,GUY-MOQUET,A86EST,I,440207.0,Caméra Issue de secours n°274 - Tunnel Guy Môquet,L10.506H,E73.084F
IS275,CAM/IS275,AGER_EST,GUY-MOQUET,A86EST,I,440319.0,Caméra Issue de secours n°275 - Tunnel Guy Môquet,L10.507J,E73.085G
IS276,CAM/IS276,AGER_EST,GUY-MOQUET,A86EST,E,440446.0,Caméra Issue de secours n°276 - Tunnel Guy Môquet,L10.508K,E73.086H
IS277,CAM/IS277,AGER_EST,GUY-MOQUET,A86EST,E,440240.0,Caméra Issue de secours n°277 - Tunnel Guy Môquet,L10.509L,E73.087J
IS278,CAM/IS278,AGER_EST,GUY-MOQUET,A86EST,E,440141.0,Caméra Issue de secours n°278 - Tunnel Guy Môquet,L10.511N,E73.088K
IS279,CAM/IS279,AGER_EST,GUY-MOQUET,A86EST,E,440029.0,Caméra Issue de secours n°279 - Tunnel Guy Môquet,L10.512P,E73.089L
IS281,CAM/IS281,AGER_EST,MOULIN,A86EST,I,450587.0,Caméra Issue de secours n°281 - Tunnel du Moulin,L10.514S,E73.091N
IS282,CAM/IS282,AGER_EST,MOULIN,A86EST,I,450677.0,Caméra Issue de secours n°282 - Tunnel du Moulin,L10.515T,E73.092P
IS283,CAM/IS283,AGER_EST,MOULIN,A86EST,I,450792.0,Caméra Issue de secours n°283 - Tunnel du Moulin,L10.516U,E73.093R
IS284,CAM/IS284,AGER_EST,MOULIN,A86EST,I,450869.0,Caméra Issue de secours n°284 - Tunnel du Moulin,L10.517V,E73.094S
IS285,CAM/IS285,AGER_EST,MOULIN,A86EST,I,450990.0,Caméra Issue de secours n°285 - Tunnel du Moulin,L10.518W,E73.095T
IS288,CAM/IS288,AGER_EST,MOULIN,A86EST,E,460215.0,Caméra Issue de secours n°288 - Tunnel du Moulin,L10.522C,E73.096U
IS289,CAM/IS289,AGER_EST,MOULIN,A86EST,E,460106.0,Caméra Issue de secours n°289 - Tunnel du Moulin,L10.523D,E73.097V
IS290,CAM/IS290,AGER_EST,MOULIN,A86EST,E,460018.0,Caméra Issue de secours n°290 - Tunnel du Moulin,L10.524E,E73.098W
IS291,CAM/IS291,AGER_EST,MOULIN,A86EST,E,450907.0,Caméra Issue de secours n°291 - Tunnel du Moulin,L10.525F,E73.099X
IS292,CAM/IS292,AGER_EST,MOULIN,A86EST,E,450786.0,Caméra Issue de secours n°292 - Tunnel du Moulin,L10.526G,E73.101A
IS293,CAM/IS293,AGER_EST,MOULIN,A86EST,E,450702.0,Caméra Issue de secours n°293 - Tunnel du Moulin,L10.527H,E73.102C
IS294,CAM/IS294,AGER_EST,MOULIN,A86EST,E,450607.0,Caméra Issue de secours n°294 - Tunnel du Moulin,L10.528J,E73.103D
IS295,CAM/IS295,AGER_EST,MOULIN,A86EST,E,450552.0,Caméra Issue de secours n°295 - Tunnel du Moulin,L10.529K,E73.104E
IS296,CAM/IS296,AGER_EST,MOULIN,A86EST,E,450457.0,Caméra Issue de secours n°296 - Tunnel du Moulin,L10.531M,E73.105F
IS381,CAM/IS381,AGER_EST,CHAMPIGNY,A4,Y,90389.0,Caméra Issue de secours n°381 - Tunnel de Champigny,L10.584A,E73.508K
IS384,CAM/IS384,AGER_EST,CHAMPIGNY,A4,Y,90650.0,Caméra Issue de secours n°384 - Tunnel de Champigny,L10.587E,E73.509L
IS385,CAM/IS385,AGER_EST,CHAMPIGNY,A4,Y,90751.0,Caméra Issue de secours n°385 - Tunnel de Champigny,L10.588F,E73.511N
IS386,CAM/IS386,AGER_EST,CHAMPIGNY,A4,Y,90854.0,Caméra Issue de secours n°386 - Tunnel de Champigny,L10.589G,E73.512P
IS387,CAM/IS387,AGER_EST,CHAMPIGNY,A4,Y,90951.0,Caméra Issue de secours n°387 - Tunnel de Champigny,L10.591J,E73.513R
IS388,CAM/IS388,AGER_EST,CHAMPIGNY,A4,W,90954.0,Caméra Issue de secours n°388 - Tunnel de Champigny,L10.592K,E73.514S
IS389,CAM/IS389,AGER_EST,CHAMPIGNY,A4,W,90858.0,Caméra Issue de secours n°389 - Tunnel de Champigny,L10.593L,E73.515T
IS390,CAM/IS390,AGER_EST,CHAMPIGNY,A4,W,90762.0,Caméra Issue de secours n°390 - Tunnel de Champigny,L10.594M,E73.516U
IS391,CAM/IS391,AGER_EST,CHAMPIGNY,A4,W,90658.0,Caméra Issue de secours n°391 - Tunnel de Champigny,L10.595N,E73.517V
IS392,CAM/IS392,AGER_EST,CHAMPIGNY,A4,W,90585.0,Caméra Issue de secours n°392 - Tunnel de Champigny,L10.596P,E73.518W
IS393,CAM/IS393,AGER_EST,CHAMPIGNY,A4,W,90452.0,Caméra Issue de secours n°393 - Tunnel de Champigny,L10.597R,E73.519X
IS261,CAM/IS261,AGER_EST,NOGENT,A86EST,E,320620.0,Caméra Issue de secours n°261 - Tunnel de Nogent,L10.493S,E73.822J
IS262,CAM/IS262,AGER_EST,NOGENT,A86EST,E,320478.0,Caméra Issue de secours n°262 - Tunnel de Nogent,L10.494T,E73.823K
IS263,CAM/IS263,AGER_EST,NOGENT,A86EST,E,320273.0,Caméra Issue de secours n°263 - Tunnel de Nogent,L10.495U,E73.824L
IS264,CAM/IS264,AGER_EST,NOGENT,A86EST,E,310880.0,Caméra Issue de secours n°264 - Tunnel de Nogent,L10.496V,E73.825M
IS267,CAM/IS267,AGER_EST,NOGENT,A86EST,E,310415.0,Caméra Issue de secours n°267 - Tunnel de Nogent,L10.499Y,E73.826N
IS269,CAM/IS269,AGER_EST,NOGENT,A86EST,E,300997.0,Caméra Issue de secours n°269 - Tunnel de Nogent,L10.502D,E73.827P
IS251,CAM/IS251,AGER_EST,NOGENT,A86EST,I,300954.0,Caméra Issue de secours n°251 - Tunnel de Nogent,L10.482E,E73.828R
IS252,CAM/IS252,AGER_EST,NOGENT,A86EST,I,310100.0,Caméra Issue de secours n°252 - Tunnel de Nogent,L10.483F,E73.829S
IS253,CAM/IS253,AGER_EST,NOGENT,A86EST,I,310230.0,Caméra Issue de secours n°253 - Tunnel de Nogent,L10.484G,E73.831U
IS254,CAM/IS254,AGER_EST,NOGENT,A86EST,I,310388.0,Caméra Issue de secours n°254 - Tunnel de Nogent,L10.485H,E73.832V
IS255,CAM/IS255,AGER_EST,NOGENT,A86EST,I,310530.0,Caméra Issue de secours n°255 - Tunnel de Nogent,L10.486J,E73.833W
IS256,CAM/IS256,AGER_EST,NOGENT,A86EST,I,310650.0,Caméra Issue de secours n°256 - Tunnel de Nogent,L10.487K,E73.834X
IS257,CAM/IS257,AGER_EST,NOGENT,A86EST,I,310800.0,Caméra Issue de secours n°257 - Tunnel de Nogent,L10.488L,E73.835Y
IS258,CAM/IS258,AGER_EST,NOGENT,A86EST,I,320120.0,Caméra Issue de secours n°258 - Tunnel de Nogent,L10.489M,E73.836A
IS259,CAM/IS259,AGER_EST,NOGENT,A86EST,I,320269.0,Caméra Issue de secours n°259 - Tunnel de Nogent,L10.491P,E73.837C
IS260,CAM/IS260,AGER_EST,NOGENT,A86EST,I,320561.0,Caméra Issue de secours n°260 - Tunnel de Nogent,L10.492R,E73.838D
IS265,CAM/IS265,AGER_EST,NOGENT,A86EST,E,310820.0,Caméra Issue de secours n°265 - Tunnel de Nogent,L10.497W,E73.839E
IS268,CAM/IS268,AGER_EST,NOGENT,A86EST,E,310569.0,Caméra Issue de secours n°268 - Tunnel de Nogent,L10.501C,E73.841G
IS525,CAM/IS525,AGER_EST,BOISSY,N19,W,180027.0,Caméra Issue de secours n°525 - Tunnel de Boissy,L11.589V,E73.844K
IS526,CAM/IS526,AGER_EST,BOISSY,N19,W,170832.0,Caméra Issue de secours n°526 - Tunnel de Boissy,L11.591X,E73.845L
IS527,CAM/IS527,AGER_EST,BOISSY,N19,W,170637.0,Caméra Issue de secours n°527 - Tunnel de Boissy,L11.592Y,E73.846M
IS528,CAM/IS528,AGER_EST,BOISSY,N19,W,170487.0,Caméra Issue de secours n°528 - Tunnel de Boissy,L11.593A,E73.847N
IS521,CAM/IS521,AGER_EST,BOISSY,N19,Y,170444.0,Caméra Issue de secours n°521 - Tunnel de Boissy,L11.585R,E73.848P
IS522,CAM/IS522,AGER_EST,BOISSY,N19,Y,170637.0,Caméra Issue de secours n°522 - Tunnel de Boissy,L11.586S,E73.849R
IS523,CAM/IS523,AGER_EST,BOISSY,N19,Y,170832.0,Caméra Issue de secours n°523 - Tunnel de Boissy,L11.587T,E73.851T
IS524,CAM/IS524,AGER_EST,BOISSY,N19,Y,180027.0,Caméra Issue de secours n°524 - Tunnel de Boissy,L11.588U,E73.852U
IS266,CAM/IS266,AGER_EST,NOGENT,A86EST,E,310200.0,Caméra Issue de secours n°266 - Tunnel de Nogent,L10.498X,E73.923E
IS221,CAM/IS221,AGER_NORD,BOBIGNY,A86NORD,I,200130.0,Caméra Issue de secours n°221 - Tunnel de Bobigny Drancy,L10.454V,E73.042F
IS222,CAM/IS222,AGER_NORD,BOBIGNY,A86NORD,I,200340.0,Caméra Issue de secours n°222 - Tunnel de Bobigny Drancy,L10.455W,E73.043G
IS224,CAM/IS224,AGER_NORD,BOBIGNY,A86NORD,I,200660.0,Caméra Issue de secours n°224 - Tunnel de Bobigny Drancy,L10.457Y,E73.044H
IS225,CAM/IS225,AGER_NORD,BOBIGNY,A86NORD,I,200930.0,Caméra Issue de secours n°225 - Tunnel de Bobigny Drancy,L10.458A,E73.045J
IS227,CAM/IS227,AGER_NORD,BOBIGNY,A86NORD,I,210130.0,Caméra Issue de secours n°227 - Tunnel de Bobigny Drancy,L10.461E,E73.046K
IS229,CAM/IS229,AGER_NORD,BOBIGNY,A86NORD,I,210710.0,Caméra Issue de secours n°229 - Tunnel de Bobigny Drancy,L10.463G,E73.047L
IS230,CAM/IS230,AGER_NORD,BOBIGNY,A86NORD,I,210930.0,Caméra Issue de secours n°230 - Tunnel de Bobigny Drancy,L10.464H,E73.048M
IS232,CAM/IS232,AGER_NORD,BOBIGNY,A86NORD,I,220120.0,Caméra Issue de secours n°232 - Tunnel de Bobigny Drancy,L10.466K,E73.049N
IS234,CAM/IS234,AGER_NORD,BOBIGNY,A86NORD,E,220230.0,Caméra Issue de secours n°234 - Tunnel de Bobigny Drancy,L10.468M,E73.051R
IS235,CAM/IS235,AGER_NORD,BOBIGNY,A86NORD,E,210991.0,Caméra Issue de secours n°235 - Tunnel de Bobigny Drancy,L10.469N,E73.052S
IS236,CAM/IS236,AGER_NORD,BOBIGNY,A86NORD,E,210770.0,Caméra Issue de secours n°236 - Tunnel de Bobigny Drancy,L10.471R,E73.053T
IS237,CAM/IS237,AGER_NORD,BOBIGNY,A86NORD,E,210590.0,Caméra Issue de secours n°237 - Tunnel de Bobigny Drancy,L10.472S,E73.054U
IS238,CAM/IS238,AGER_NORD,BOBIGNY,A86NORD,E,210220.0,Caméra Issue de secours n°238 - Tunnel de Bobigny Drancy,L10.473T,E73.055V
IS239,CAM/IS239,AGER_NORD,BOBIGNY,A86NORD,E,200900.0,Caméra Issue de secours n°239 - Tunnel de Bobigny Drancy,L10.474U,E73.056W
IS241,CAM/IS241,AGER_NORD,BOBIGNY,A86NORD,E,200530.0,Caméra Issue de secours n°241 - Tunnel de Bobigny Drancy,L10.476W,E73.057X
IS243,CAM/IS243,AGER_NORD,BOBIGNY,A86NORD,E,200360.0,Caméra Issue de secours n°243 - Tunnel de Bobigny Drancy,L10.478Y,E73.058Y
IS245,CAM/IS245,AGER_NORD,BOBIGNY,A86NORD,E,200050.0,Caméra Issue de secours n°245 - Tunnel de Bobigny Drancy,L10.481D,E73.059A
IS211,CAM/IS211,AGER_NORD,LUMEN_NORTON,A86NORD,I,180990.0,Caméra Issue de secours n°211 - Tunnel Norton,L10.449P,E73.061D
IS213,CAM/IS213,AGER_NORD,LUMEN_NORTON,A86NORD,E,190600.0,Caméra Issue de secours n°213 - Tunnel Lumen,L10.452T,E73.063F
IS214,CAM/IS214,AGER_NORD,LUMEN_NORTON,A86NORD,E,190410.0,Caméra Issue de secours n°214 - Tunnel Lumen,L10.453U,E73.064G
IS203,CAM/IS203,AGER_NORD,LA_COURNEUVE,A86NORD,E,150826.0,Caméra Issue de secours n°203 - Tunnel de La Courneuve,L10.447M,E73.124D
IS204,CAM/IS204,AGER_NORD,LA_COURNEUVE,A86NORD,E,150683.0,Caméra Issue de secours n°204 - Tunnel de La Courneuve,L10.448N,E73.125E
IS201,CAM/IS201,AGER_NORD,LA_COURNEUVE,A86NORD,I,150808.0,Caméra Issue de secours n°201 - Tunnel de La Courneuve,L10.445K,E73.126F
IS202,CAM/IS202,AGER_NORD,LA_COURNEUVE,A86NORD,I,160118.0,Caméra Issue de secours n°202 - Tunnel de La Courneuve,L10.446L,E73.127G
IS474,CAM/IS474,AGER_NORD,TAVERNY,A115,W,70241.0,Caméra Issue de secours n°474 - Tunnel de Taverny,L10.651F,E73.128H
IS475,CAM/IS475,AGER_NORD,TAVERNY,A115,W,70048.0,Caméra Issue de secours n°475 - Tunnel de Taverny,L10.652G,E73.129J
IS472,CAM/IS472,AGER_NORD,TAVERNY,A115,Y,70048.0,Caméra Issue de secours n°472 - Tunnel de Taverny,L10.648C,E73.131L
IS473,CAM/IS473,AGER_NORD,TAVERNY,A115,Y,70241.0,Caméra Issue de secours n°473 - Tunnel de Taverny,L10.649D,E73.132M
IS361,CAM/IS361,AGER_NORD,LANDY,A1,W,10720.0,Caméra Issue de secours n°361 - Tunnel du Landy,L10.573M,E73.391V
IS362,CAM/IS362,AGER_NORD,LANDY,A1,W,10645.0,Caméra Issue de secours n°326 - Tunnel du Landy,L10.574N,E73.392W
IS363,CAM/IS363,AGER_NORD,LANDY,A1,W,10430.0,Caméra Issue de secours n°363 - Tunnel du Landy,L10.575P,E73.393X
IS364,CAM/IS364,AGER_NORD,LANDY,A1,W,10270.0,Caméra Issue de secours n°364 - Tunnel du Landy,L10.576R,E73.394Y
IS365,CAM/IS365,AGER_NORD,LANDY,A1,W,10170.0,Caméra Issue de secours n°365 - Tunnel du Landy,L10.577S,E73.395A
IS366,CAM/IS366,AGER_NORD,LANDY,A1,W,10040.0,Caméra Issue de secours n°366 - Tunnel du Landy,L10.578T,E73.396C
IS367,CAM/IS367,AGER_NORD,LANDY,A1,W,980.0,Caméra Issue de secours n°367 - Tunnel du Landy,L10.579U,E73.397D
IS368,CAM/IS368,AGER_NORD,LANDY,A1,W,880.0,Caméra Issue de secours n°368 - Tunnel du Landy,L10.581W,E73.398E
IS369,CAM/IS369,AGER_NORD,LANDY,A1,W,770.0,Caméra Issue de secours n°369 - Tunnel du Landy,L10.582X,E73.399F
IS370,CAM/IS370,AGER_NORD,LANDY,A1,W,625.0,Caméra Issue de secours n°370 - Tunnel du Landy,L10.583Y,E73.401H
IS351,CAM/IS351,AGER_NORD,LANDY,A1,Y,615.0,Caméra Issue de secours n°351 - Tunnel du Landy,L10.562Y,E73.402J
IS352,CAM/IS352,AGER_NORD,LANDY,A1,Y,775.0,Caméra Issue de secours n°352 - Tunnel du Landy,L10.563A,E73.403K
IS353,CAM/IS353,AGER_NORD,LANDY,A1,Y,875.0,Caméra Issue de secours n°353 - Tunnel du Landy,L10.564C,E73.404L
IS354,CAM/IS354,AGER_NORD,LANDY,A1,Y,10029.0,Caméra Issue de secours n°354 - Tunnel du Landy,L10.565D,E73.405M
IS355,CAM/IS355,AGER_NORD,LANDY,A1,Y,10040.0,Caméra Issue de secours n°355 - Tunnel du Landy,L10.566E,E73.406N
IS356,CAM/IS356,AGER_NORD,LANDY,A1,Y,10150.0,Caméra Issue de secours n°356 - Tunnel du Landy,L10.567F,E73.407P
IS357,CAM/IS357,AGER_NORD,LANDY,A1,Y,10275.0,Caméra Issue de secours n°357 - Tunnel du Landy,L10.568G,E73.408R
IS358,CAM/IS358,AGER_NORD,LANDY,A1,Y,10415.0,Caméra Issue de secours n°358 - Tunnel du Landy,L10.569H,E73.409S
IS359,CAM/IS359,AGER_NORD,LANDY,A1,Y,10610.0,Caméra Issue de secours n°359 - Tunnel du Landy,L10.571K,E73.411U
IS360,CAM/IS360,AGER_NORD,LANDY,A1,Y,10720.0,Caméra Issue de secours n°360 - Tunnel du Landy,L10.572L,E73.412V
IS223,CAM/IS223,AGER_NORD,BOBIGNY,A86NORD,I,200505.0,Caméra Issue de secours n°223 - Tunnel de Bobigny,L10.456X,E73.978U
IS226,CAM/IS226,AGER_NORD,BOBIGNY,A86NORD,I,210020.0,Caméra Issue de secours n°226 - Tunnel de Bobigny,L10.459C,E73.979V
IS228,CAM/IS228,AGER_NORD,BOBIGNY,A86NORD,I,210300.0,Caméra Issue de secours n°228 - Tunnel de Bobigny,L10.462F,E73.981X
IS228,CAM/IS228A,AGER_NORD,BOBIGNY,A86NORD,I,210560.0,Caméra Issue de secours n°228A - Tunnel de Bobigny,L10.465J,E73.982Y
IS237,CAM/IS237A,AGER_NORD,BOBIGNY,A86NORD,E,210335.0,Caméra Issue de secours n°237A - Tunnel de Bobigny,L10.467L,E73.983A
IS240,CAM/IS240,AGER_NORD,BOBIGNY,A86NORD,E,200772.0,Caméra Issue de secours n°240 - Tunnel de Bobigny,L10.475V,E73.984C
IS238,CAM/IS238A,AGER_NORD,BOBIGNY,A86NORD,E,210051.0,Caméra Issue de secours n°238A - Tunnel de Bobigny,L10.477X,E73.985D
IS224,CAM/IS224A,AGER_NORD,BOBIGNY,A86NORD,I,200780.0,Caméra Issue de secours n°224A - Tunnel de Bobigny,L10.479A,E73.986E
IS301,CAM/IS301,AGER_SUD,FRESNES,A86SUD,I,510112.0,Caméra Issue de secours n°301 - Tunnel de Fresnes,L10.532N,E73.106G
IS302,CAM/IS302,AGER_SUD,FRESNES,A86SUD,E,510110.0,Caméra Issue de secours n°302 - Tunnel de Fresnes,L10.533P,E73.107H
IS311,CAM/IS311,AGER_SUD,ANTONY,A86SUD,I,520270.0,Caméra Issue de secours n°311 - Tunnel d'Antony,L10.534R,E73.108J
IS312,CAM/IS312,AGER_SUD,ANTONY,A86SUD,I,520464.0,Caméra Issue de secours n°312 - Tunnel d'Antony,L10.535S,E73.109K
IS313,CAM/IS313,AGER_SUD,ANTONY,A86SUD,I,520673.0,Caméra Issue de secours n°313 - Tunnel d'Antony,L10.536T,E73.111M
IS314,CAM/IS314,AGER_SUD,ANTONY,A86SUD,I,520884.0,Caméra Issue de secours n°314 - Tunnel d'Antony,L10.537U,E73.112N
IS315,CAM/IS315,AGER_SUD,ANTONY,A86SUD,I,521115.0,Caméra Issue de secours n°315 - Tunnel d'Antony,L10.538V,E73.113P
IS317,CAM/IS317,AGER_SUD,ANTONY,A86SUD,E,520885.0,Caméra Issue de secours n°317 - Tunnel d'Antony,L10.541Y,E73.114R
IS318,CAM/IS318,AGER_SUD,ANTONY,A86SUD,E,520669.0,Caméra Issue de secours n°318 - Tunnel d'Antony,L10.542A,E73.115S
IS319,CAM/IS319,AGER_SUD,ANTONY,A86SUD,E,520462.0,Caméra Issue de secours n°319 - Tunnel d’Antony,L10.543C,E73.116T
IS320,CAM/IS320,AGER_SUD,ANTONY,A86SUD,E,520276.0,Caméra Issue de secours n°320 - Tunnel d'Antony,L10.544D,E73.117U
IS404,CAM/IS404,AGER_SUD,BICETRE,A6B,Y,920.0,Caméra Issue de secours n°404 - Tunnel Bicêtre,L10.602W,E73.435X
IS405,CAM/IS405,AGER_SUD,BICETRE,A6B,Y,1225.0,Caméra Issue de secours n°405 - Tunnel Bicêtre,L10.603X,E73.436Y
IS406,CAM/IS406,AGER_SUD,BICETRE,A6B,Y,10054.0,Caméra Issue de secours n°406 - Tunnel Bicêtre,L10.604Y,E73.437A
IS407,CAM/IS407,AGER_SUD,BICETRE,A6B,Y,10275.0,Caméra Issue de secours n°407 - Tunnel Bicêtre,L10.605A,E73.438C
IS408,CAM/IS408,AGER_SUD,BICETRE,A6B,Y,10490.0,Caméra Issue de secours n°408 - Tunnel Bicêtre,L10.606C,E73.439D
IS409,CAM/IS409,AGER_SUD,BICETRE,A6B,W,10490.0,Caméra Issue de secours n°409 - Tunnel Bicêtre,L10.607D,E73.441F
IS410,CAM/IS410,AGER_SUD,BICETRE,A6B,W,10275.0,Caméra Issue de secours n°410 - Tunnel Bicêtre,L10.608E,E73.442G
IS411,CAM/IS411,AGER_SUD,BICETRE,A6B,W,10054.0,Caméra Issue de secours n°411 - Tunnel Bicêtre,L10.609F,E73.443H
IS412,CAM/IS412,AGER_SUD,BICETRE,A6B,W,1050.0,Caméra Issue de secours n°412 - Tunnel Bicêtre,L10.611H,E73.444J
IS413,CAM/IS413,AGER_SUD,BICETRE,A6B,W,750.0,Caméra Issue de secours n°413 - Tunnel Bicêtre,L10.612J,E73.445K
IS401,CAM/IS401,AGER_SUD,ITALIE,A6B,Y,150.0,Caméra Issue de secours n°401 - Tunnel d’Italie,L10.598S,E73.818E
IS402,CAM/IS402,AGER_SUD,ITALIE,A6B,Y,237.0,Caméra Issue de secours n°402 - Tunnel d’Italie,L10.599T,E73.819F
IS403,CAM/IS403,AGER_SUD,ITALIE,A6B,Y,332.0,Caméra Issue de secours n°403 - Tunnel d’Italie,L10.601V,E73.821H
IS481,CAM/IS481,AGER_SUD,ORLY,N7,Y,20720.0,Caméra Issue de secours n°481 - Tunnel d’Orly,L10.654J,E73.964D
IS482,CAM/IS482,AGER_SUD,ORLY,N7,W,20710.0,Caméra Issue de secours n°482 - Tunnel d’Orly,L10.655K,E73.965E
IS331,CAM/IS331,AGER_OUEST_B,BELLE-RIVE,A86OUEST,I,75.075,Caméra Issue de secours n°331 - Tunnel de Belle Rive,L10.545E,E73.065H
IS332,CAM/IS332,AGER_OUEST_B,BELLE-RIVE,A86OUEST,I,76.0032,Caméra Issue de secours n°332 - Tunnel de Belle Rive,L10.546F,E73.066J
IS333,CAM/IS333,AGER_OUEST_B,BELLE-RIVE,A86OUEST,I,76.0175,Caméra Issue de secours n°333 - Tunnel de Belle Rive,L10.547G,E73.067K
IS335,CAM/IS335,AGER_OUEST_B,BELLE-RIVE,A86OUEST,I,76.0436,Caméra Issue de secours n°335 - Tunnel de Belle Rive,L10.549J,E73.068L
IS334,CAM/IS334,AGER_OUEST_B,BELLE-RIVE,A86OUEST,I,76.032,Caméra Issue de secours n°334 - Tunnel de Belle Rive,L10.548H,E73.069M
IS336,CAM/IS336,AGER_OUEST_B,BELLE-RIVE,A86OUEST,I,76.055,Caméra Issue de secours n°336 - Tunnel de Belle Rive,L10.551L,E73.071P
IS337,CAM/IS337,AGER_OUEST_B,BELLE-RIVE,A86OUEST,I,76.0759,Caméra Issue de secours n°337 - Tunnel de Belle Rive,L10.552M,E73.072R
IS338,CAM/IS338,AGER_OUEST_B,BELLE-RIVE,A86OUEST,E,76.097,Caméra Issue de secours n°338 - Tunnel de Belle Rive,L10.553N,E73.073S
IS339,CAM/IS339,AGER_OUEST_B,BELLE-RIVE,A86OUEST,E,76.0756,Caméra Issue de secours n°339 - Tunnel de Belle Rive,L10.554P,E73.074T
IS340,CAM/IS340,AGER_OUEST_B,BELLE-RIVE,A86OUEST,E,76.055,Caméra Issue de secours n°340 - Tunnel de Belle Rive,L10.555R,E73.075U
IS342,CAM/IS342,AGER_OUEST_B,BELLE-RIVE,A86OUEST,E,76.0313,Caméra Issue de secours n°342 - Tunnel de Belle-Rive,L10.557T,E73.076V
IS341,CAM/IS341,AGER_OUEST_B,BELLE-RIVE,A86OUEST,E,76.046,Caméra Issue de secours n°341 - Tunnel de Belle Rive,L10.556S,E73.077W
IS343,CAM/IS343,AGER_OUEST_B,BELLE-RIVE,A86OUEST,E,76.019,Caméra Issue de secours n°343 - Tunnel de Belle Rive,L10.558U,E73.078X
IS344,CAM/IS344,AGER_OUEST_B,BELLE-RIVE,A86OUEST,E,76.0038,Caméra Issue de secours n°344 - Tunnel de Belle Rive,L10.559V,E73.079Y
IS345,CAM/IS345,AGER_OUEST_B,BELLE-RIVE,A86OUEST,E,75.0753,Caméra Issue de secours n°345 - Tunnel de Belle Rive,L10.561X,E73.081C
IS493,CAM/IS493,AGER_OUEST_B,CHENNEVIERES,N12,W,37.0387,Caméra Issue de secours n°493 - Tunnel de Chennevières,L10.667Y,E73.135R
IS492,CAM/IS492,AGER_OUEST_B,CHENNEVIERES,N12,Y,37.038,Caméra Issue de secours n°492 - Tunnel de Chennevières,L10.666X,E73.137T
IS438,CAM/IS438,AGER_OUEST_B,AMBROISE_PARE,A13,W,1.0622,Caméra Issue de secours n°438 - Tunnel Ambroise Paré,L10.625Y,E73.143A
IS440,CAM/IS440,AGER_OUEST_B,AMBROISE_PARE,A13,W,1.0441,Caméra Issue de secours n°440 - Tunnel Ambroise Paré,L10.627C,E73.144C
IS442,CAM/IS442,AGER_OUEST_B,AMBROISE_PARE,A13,W,1.0305,Caméra Issue de secours n°442 - Tunnel Ambroise Paré,L10.629E,E73.145D
IS444,CAM/IS444,AGER_OUEST_B,AMBROISE_PARE,A13,W,1.0124,Caméra Issue de secours n°444 - Tunnel Ambroise Paré,L10.632H,E73.146E
IS432,CAM/IS432,AGER_OUEST_B,AMBROISE_PARE,A13,Y,1.0149,Caméra Issue de secours n°432 - Tunnel Ambroise Paré,L10.618R,E73.148G
IS435,CAM/IS435,AGER_OUEST_B,AMBROISE_PARE,A13,Y,1.0433,Caméra Issue de secours n°435 - Tunnel Ambroise Paré,L10.622V,E73.149H
IS437,CAM/IS437,AGER_OUEST_B,AMBROISE_PARE,A13,Y,1.0622,Caméra Issue de secours n°437 - Tunnel Ambroise Paré,L10.624X,E73.151K
IS457,CAM/IS457,AGER_OUEST_B,SAINT-CLOUD,A13,W,4.0302,Caméra Issue de secours n°457 - Tunnel de Saint-Cloud,L10.641T,E73.152L
IS458,CAM/IS458,AGER_OUEST_B,SAINT-CLOUD,A13,W,4.0233,Caméra Issue de secours n°458 - Tunnel de Saint-Cloud,L10.642U,E73.153M
IS459,CAM/IS459,AGER_OUEST_B,SAINT-CLOUD,A13,W,4.0124,Caméra Issue de secours n°459 - Tunnel de Saint-Cloud,L10.643V,E73.154N
IS460,CAM/IS460,AGER_OUEST_B,SAINT-CLOUD,A13,W,3.0973,Caméra Issue de secours n°460 - Tunnel de Saint-Cloud,L10.644W,E73.155P
IS461,CAM/IS461,AGER_OUEST_B,SAINT-CLOUD,A13,W,3.0825,Caméra Issue de secours n°461 - Tunnel de Saint-Cloud,L10.645X,E73.156R
IS451,CAM/IS451,AGER_OUEST_B,SAINT-CLOUD,A13,Y,3.0671,Caméra Issue de secours n°451 - Tunnel de Saint-Cloud,L10.634K,E73.157S
IS452,CAM/IS452,AGER_OUEST_B,SAINT-CLOUD,A13,Y,3.0803,Caméra Issue de secours n°452 - Tunnel de Saint-Cloud,L10.635L,E73.158T
IS453,CAM/IS453,AGER_OUEST_B,SAINT-CLOUD,A13,Y,3.097,Caméra Issue de secours n°453 - Tunnel de Saint-Cloud,L10.636M,E73.159U
IS454,CAM/IS454,AGER_OUEST_B,SAINT-CLOUD,A13,Y,4.0145,Caméra Issue de secours n°454 - Tunnel de Saint-Cloud,L10.638P,E73.161W
IS455,CAM/IS455,AGER_OUEST_B,SAINT-CLOUD,A13,Y,4.0248,Caméra Issue de secours n°455 - Tunnel de Saint-Cloud,L10.639R,E73.162X
IS456,CAM/IS456,AGER_OUEST_B,SAINT-CLOUD,A13,Y,4.0248,Caméra Issue de secours n°456 - Tunnel de Saint-Cloud,L10.639R,E73.783M
IS462,CAM/IS462,AGER_OUEST_B,SAINT-CLOUD,A13,W,3.0692,Caméra Issue de secours n°462 - Tunnel de Saint-Cloud,L10.646Y,E73.784N
IS463,CAM/IS463,AGER_OUEST_B,SAINT-CLOUD,A13,W,3.0595,Caméra Issue de secours n°463 - Tunnel de Saint-Cloud,L11.515H,E73.785P
IS421,CAM/IS421a,AGER_OUEST_B,FONTENAY,A12,Y,5.0411,Caméra Issue de secours n°421a - Tunnel de Fontenay,L11.916K,E74.627S
IS421,CAM/IS421b,AGER_OUEST_B,FONTENAY,A12,Y,5.0476,Caméra Issue de secours n°421b - Tunnel de Fontenay,L11.917L,E74.628T
IS421,CAM/IS421,AGER_OUEST_B,FONTENAY,A12,Y,5.0346,Caméra Issue de secours n°421 - Tunnel de Fontenay,L10.613K,E74.867D
IS422,CAM/IS422,AGER_OUEST_B,FONTENAY,A12,Y,5.0544,Caméra Issue de secours n°422 - Tunnel de Fontenay,L10.614L,E74.868E
