CodeEx,PC,Axe,Sens,triCode,Tunnel,NouvPR,Tatouage,GPS
IS101,PCO,A14,Y,A14,LA_DEFENSE,0+0295,L10.366R,"48.888824,2.248336"
IS102,PCO,N192,Y,A14,LA_DEFENSE,0+0060,L10.367S,"48.889618,2.245908"
IS103,PCO,A14,Y,A14,LA_DEFENSE,0+0735,L10.368T,"48.890550,2.243049"
IS104,PCO,A14,Y,A14,LA_DEFENSE,0+0935,L10.369U,"48.891403,2.240528"
IS105,PCO,A14,Y,A14,LA_DEFENSE,1+0100,L10.371W,"48.892033,2.238690"
IS106,PCO,A14,Y,A14,LA_DEFENSE,1+0247,L10.372X,"48.892593,2.236661"
IS107,PCO,A14,Y,A14,LA_DEFENSE,1+0439,L10.373Y,"48.893223,2.234208"
IS108,PCO,A14,Y,A14,LA_DEFENSE,1+0656,L10.374A,"48.894080,2.231542"
IS109,PCO,A14,Y,A14,LA_DEFENSE,1+0821,L10.375C,"48.894730,2.229489"
IS110,PCO,A14,Y,A14,LA_DEFENSE,2+0005,L10.376D,"48.895447,2.227197"
IS111,PCO,N314,Y,A14,LA_DEFENSE,1+0767,L10.377E,"48.896633,2.229861"
IS112,PCO,A14,Y,A14,LA_DEFENSE,2+0252,L10.378F,"48.896435,2.224183"
IS113,PCO,A14,Y,A14,LA_DEFENSE,2+0329,L10.379G,"48.896744,2.223211"
IS114,PCO,A14,Y,A14,LA_DEFENSE,2+0548,L10.381J,"48.897600,2.220506"
IS115,PCO,A14,Y,A14,LA_DEFENSE,2+0753,L10.382K,"48.898293,2.217914"
IS116,PCO,A14,Y,A14,LA_DEFENSE,2+0995,L10.383L,"48.899113,2.214819"
IS117,PCO,A14,Y,A14,LA_DEFENSE,3+0136,L10.384M,"48.899563,2.213017"
IS118,PCO,A14,Y,A14,LA_DEFENSE,3+0286,L10.385N,"48.900010,2.211083"
IS119,PCO,A14,Y,A14,LA_DEFENSE,3+0429,L10.386P,"48.900444,2.209236"
IS120,PCO,A14XA86,Y>I,ECH,ECHANGEUR_NANTERRE,0+0599,L10.387R,"48.902470,2.204833"
IS121,PCO,A14,Y,A14,LA_DEFENSE,3+0598,L10.388S,"48.900944,2.207044"
IS122,PCO,A14XA86,Y>E,ECH,ECHANGEUR_NANTERRE,0+0100,L10.389T,"48.901497,2.204719"
IS123,PCO,A14XA86,Y>E,ECH,ECHANGEUR_NANTERRE,0+0270,L10.391V,"48.902140,2.202781"
IS124,PCO,A14XA86,Y>E,ECH,ECHANGEUR_NANTERRE,0+0470,L10.392W,"48.902300,2.200139"
IS125,PCO,A14XA86,Y>E,ECH,ECHANGEUR_NANTERRE,0+0520,L10.393X,"48.902016,2.199786"
IS126,PCO,A14XA86,Y>E,ECH,ECHANGEUR_NANTERRE,0+0726,L10.394Y,"48.900060,2.199692"
IS127,PCO,A14,Y,A14,LA_DEFENSE,3+0946,L10.395A,"48.901960,2.202544"
IS128,PCO,A14,W,A14,LA_DEFENSE,3+0909,L10.396C,"48.901386,2.202947"
IS129,PCO,A14,W,A14,LA_DEFENSE,3+0756,L10.397D,"48.900800,2.204864"
IS130,PCO,A14XA86,E>Y,ECH,ECHANGEUR_NANTERRE,0+0130,L10.398E,"48.902725,2.203511"
IS131,PCO,A14XA86,E>Y,ECH,ECHANGEUR_NANTERRE,0+0290,L10.399F,"48.902744,2.201483"
IS132,PCO,A14XA86,E>W,ECH,ECHANGEUR_NANTERRE,0+0246,L10.401H,"48.902657,2.201431"
IS133,PCO,A14XA86,E>W,ECH,ECHANGEUR_NANTERRE,0+0403,L10.402J,"48.902010,2.199614"
IS134,PCO,A14XA86,E>W,ECH,ECHANGEUR_NANTERRE,0+0578,L10.403K,"48.900530,2.200236"
IS135,PCO,A14XA86,E>W,ECH,ECHANGEUR_NANTERRE,0+0700,L10.404L,"48.900440,2.201886"
IS136,PCO,A14XA86,W,ECH,ECHANGEUR_NANTERRE,0+0544,L10.405M,"48.900890,2.205090"
IS137,PCO,A14,W,A14,LA_DEFENSE,3+0524,L10.406N,"48.900284,2.207939"
IS138,PCO,A14,W,A14,LA_DEFENSE,3+0286,L10.407P,"48.899685,2.211031"
IS139,PCO,A14,W,A14,LA_DEFENSE,3+0145,L10.408R,"48.899290,2.212861"
IS140,PCO,A14,W,A14,LA_DEFENSE,2+0903,L10.409S,"48.898518,2.215944"
IS141,PCO,A14,W,A14,LA_DEFENSE,2+0760,L10.411U,"48.898045,2.217767"
IS142,PCO,A14,W,A14,LA_DEFENSE,2+0559,L10.412V,"48.897360,2.220317"
IS143,PCO,A14,W,A14,LA_DEFENSE,2+0337,L10.413W,"48.896503,2.223033"
IS144,PCO,A14,W,A14,LA_DEFENSE,2+0259,L10.414X,"48.896200,2.223992"
IS145,PCO,N314,W,A14,LA_DEFENSE,1+0840,L10.415Y,"48.893677,2.227067"
IS146,PCO,A14,W,A14,LA_DEFENSE,2+0017,L10.416A,"48.895283,2.226972"
IS147,PCO,A14,W,A14,LA_DEFENSE,1+0826,L10.417C,"48.894530,2.229342"
IS148,PCO,A14,W,A14,LA_DEFENSE,1+0659,L10.418D,"48.893860,2.231367"
IS149,PCO,A14,W,A14,LA_DEFENSE,1+0442,L10.419E,"48.892944,2.234011"
IS150,PCO,A14,W,A14,LA_DEFENSE,1+0261,L10.421G,"48.891990,2.236333"
IS151,PCO,A14,W,A14,LA_DEFENSE,1+0045,L10.422H,"48.891243,2.238633"
IS152,PCO,A14,W,A14,LA_DEFENSE,0+0784,L10.423J,"48.890312,2.242019"
IS153,PCO,A14,W,A14,LA_DEFENSE,0+0661,L10.424K,"48.889940,2.243573"
IS103A,PCO,N192,Y,A14,LA_DEFENSE,0+0300,L10.425L,"48.890690,2.242966"
IS154,PCO,N192,W,A14,LA_DEFENSE,0+0300,L10.426M,"48.890427,2.242107"
IS171,PCO,A86OUEST,I,NAN,NANTERRE_CENTRE,79+0116,L10.429R,"48.894352,2.191536"
IS172,PCO,A86OUEST,I,NAN,NANTERRE_CENTRE,79+0344,L10.431T,"48.895344,2.194106"
IS173,PCO,A86OUEST,I,NAN,NANTERRE_CENTRE,79+0492,L10.432U,"48.896263,2.195817"
IS174,PCO,A86OUEST,I,NAN,NANTERRE_CENTRE,79+0687,L10.433V,"48.897507,2.197700"
IS175,PCO,A86OUEST,I,NAN,NANTERRE_CENTRE,79+0814,L10.434W,"48.898335,2.198892"
IS176,PCO,A14XA86,I>W,ECH,ECHANGEUR_NANTERRE,0+0119,L10.435X,"48.899395,2.200308"
IS177,PCO,A14XA86,I>W,ECH,ECHANGEUR_NANTERRE,0+0315,L10.436Y,"48.900307,2.201950"
IS178,PCO,A86OUEST,I,NAN,NANTERRE_CENTRE,80+0095,L10.437A,"48.900380,2.201233"
IS179,PCO,A86OUEST,E,NAN,NANTERRE_CENTRE,79+0950,L10.438C,"48.899906,2.200114"
IS180,PCO,A86OUEST,E,NAN,NANTERRE_CENTRE,79+0818,L10.439D,"48.898613,2.198469"
IS181,PCO,A86OUEST,E,NAN,NANTERRE_CENTRE,79+0675,L10.441F,"48.897650,2.197236"
IS182,PCO,A86OUEST,E,NAN,NANTERRE_CENTRE,79+0477,L10.442G,"48.896416,2.195347"
IS183,PCO,A86OUEST,E,NAN,NANTERRE_CENTRE,79+0334,L10.443H,"48.895610,2.193850"
IS184,PCO,A86OUEST,E,NAN,NANTERRE_CENTRE,79+0116,L10.444J,"48.894670,2.191314"
IS501,PCO,N13,Y,NEU,NEUILLY,8+0068,L10.668A,"48.885150,2.259725"
IS502,PCO,N13,W,NEU,NEUILLY,8+0079,L10.669C,"48.884930,2.259422"
IS511,PCO,N315,Y,SEV,SEVINES,3+0027,L10.671E,"48.930202,2.302339"
IS512,PCO,N315,Y,SEV,SEVINES,3+0235,L10.672F,"48.930294,2.302333"
IS513,PCO,N315,Y,SEV,SEVINES,3+0460,L10.673G,"48.934070,2.302406"
IS514,PCO,N315,W,SEV,SEVINES,3+0474,L10.674H,"48.934219,2.301975"
IS515,PCO,N315,W,SEV,SEVINES,3+0240,L10.675J,"48.932320,2.301961"
IS516,PCO,N315,W,SEV,SEVINES,3+0030,L10.676K,"48.930206,2.301975"
IS155,PCO,N1013,W,A14,LA_DEFENSE,0+0100,L10.834X,"48.890232,2.241864"
IS156,PCO,N192,W,A14,LA_DEFENSE,0+0200,L10.835Y,"48.889984,2.243256"
IS157,PCO,A14,W,A14,LA_DEFENSE,0+0465,L10.836A,"48.889057,2.245953"
IS158,PCO,A14,W,A14,LA_DEFENSE,0+0264,L10.837C,"48.888294,2.248453"
IS503,PCO,N13,W,NEU,NEUILLY,8+0190,L11.513F,"48.885258,2.258378"
IS504,PCO,N13,W,NEU,NEUILLY,7+0980,L11.514G,"48.884506,2.260767"
IS185,PCO,A14XA86,W>I,ECH,ECHANGEUR_NANTERRE,0+0389,L11.773P,"48.900659,2.200258"
IS186,PCO,A14XA86,W>I,ECH,ECHANGEUR_NANTERRE,0+0590,L11.774R,"48.901140,2.202848"
IS251,PCE,A86EST,I,NOG,NOGENT,30+0954,L10.482E,"48.843563,2.492417"
IS252,PCE,A86EST,I,NOG,NOGENT,31+0100,L10.483F,"48.842472,2.492664"
IS253,PCE,A86EST,I,NOG,NOGENT,31+0230,L10.484G,"48.841200,2.492786"
IS254,PCE,A86EST,I,NOG,NOGENT,31+0388,L10.485H,"48.839695,2.493056"
IS255,PCE,A86EST,I,NOG,NOGENT,31+0530,L10.486J,"48.838547,2.493606"
IS256,PCE,A86EST,I,NOG,NOGENT,31+0650,L10.487K,"48.837383,2.493842"
IS257,PCE,A86EST,I,NOG,NOGENT,31+0800,L10.488L,"48.836150,2.493839"
IS258,PCE,A86EST,I,NOG,NOGENT,32+0120,L10.489M,"48.833750,2.492606"
IS259,PCE,A86EST,I,NOG,NOGENT,32+0269,L10.491P,"48.832504,2.492025"
IS260,PCE,A86EST,I,NOG,NOGENT,32+0561,L10.492R,"48.830704,2.489322"
IS261,PCE,A86EST,E,NOG,NOGENT,32+0620,L10.493S,"48.830010,2.489636"
IS262,PCE,A86EST,E,NOG,NOGENT,32+0478,L10.494T,"48.830770,2.491167"
IS263,PCE,A86EST,E,NOG,NOGENT,32+0273,L10.495U,"48.832397,2.492542"
IS264,PCE,A86EST,E,NOG,NOGENT,31+0880,L10.496V,"48.835670,2.494308"
IS265,PCE,A86EST,E,NOG,NOGENT,31+0820,L10.497W,"48.836155,2.494375"
IS266,PCE,A86EST,E,NOG,NOGENT,31+0200,L10.498X,"48.837917,2.494931"
IS267,PCE,A86EST,E,NOG,NOGENT,31+0415,L10.499Y,"48.839825,2.493503"
IS268,PCE,A86EST,E,NOG,NOGENT,31+0569,L10.501C,"48.841670,2.493291"
IS269,PCE,A86EST,E,NOG,NOGENT,30+0997,L10.502D,"48.843582,2.493281"
IS271,PCE,A86EST,I,GMO,GUY-MOQUET,43+0887,L10.503E,"48.772274,2.395961"
IS272,PCE,A86EST,I,GMO,GUY-MOQUET,43+0994,L10.504F,"48.771976,2.394559"
IS273,PCE,A86EST,I,GMO,GUY-MOQUET,44+0108,L10.505G,"48.771717,2.392964"
IS274,PCE,A86EST,I,GMO,GUY-MOQUET,44+0207,L10.506H,"48.771572,2.391659"
IS275,PCE,A86EST,I,GMO,GUY-MOQUET,44+0319,L10.507J,"48.771360,2.390169"
IS276,PCE,A86EST,E,GMO,GUY-MOQUET,44+0446,L10.508K,"48.771053,2.390261"
IS277,PCE,A86EST,E,GMO,GUY-MOQUET,44+0240,L10.509L,"48.771210,2.391725"
IS278,PCE,A86EST,E,GMO,GUY-MOQUET,44+0141,L10.511N,"48.771404,2.393014"
IS279,PCE,A86EST,E,GMO,GUY-MOQUET,44+0029,L10.512P,"48.771620,2.394518"
IS280,PCE,A86EST,E,GMO,GUY-MOQUET,43+0912,L10.513R,"48.771904,2.396058"
IS281,PCE,A86EST,I,MOU,MOULIN,45+0587,L10.514S,"48.766083,2.378864"
IS282,PCE,A86EST,I,MOU,MOULIN,45+0677,L10.515T,"48.764810,2.379728"
IS283,PCE,A86EST,I,MOU,MOULIN,45+0792,L10.516U,"48.763960,2.380317"
IS284,PCE,A86EST,I,MOU,MOULIN,45+0869,L10.517V,"48.763165,2.380831"
IS285,PCE,A86EST,I,MOU,MOULIN,45+0990,L10.518W,"48.762320,2.381439"
IS286,PCE,A86EST,I,MOU,MOULIN,46+0098,L10.519X,"48.761307,2.382050"
IS287,PCE,A86EST,E,MOU,MOULIN,46+0331,L10.521A,"48.759754,2.383556"
IS288,PCE,A86EST,E,MOU,MOULIN,46+0215,L10.522C,"48.760727,2.382924"
IS289,PCE,A86EST,E,MOU,MOULIN,46+0106,L10.523D,"48.761530,2.382336"
IS290,PCE,A86EST,E,MOU,MOULIN,46+0018,L10.524E,"48.762356,2.381831"
IS291,PCE,A86EST,E,MOU,MOULIN,45+0907,L10.525F,"48.763176,2.381233"
IS292,PCE,A86EST,E,MOU,MOULIN,45+0786,L10.526G,"48.764046,2.380646"
IS293,PCE,A86EST,E,MOU,MOULIN,45+0702,L10.527H,"48.764860,2.380103"
IS294,PCE,A86EST,E,MOU,MOULIN,45+0607,L10.528J,"48.765526,2.379742"
IS295,PCE,A86EST,E,MOU,MOULIN,45+0552,L10.529K,"48.766090,2.379275"
IS296,PCE,A86EST,E,MOU,MOULIN,45+0457,L10.531M,"48.766766,2.378945"
IS381,PCE,A4,Y,CHA,CHAMPIGNY,9+0389,L10.584A,"48.827126,2.507664"
IS382,PCE,A4,Y,CHA,CHAMPIGNY,9+0476,L10.585C,"48.827045,2.508689"
IS383,PCE,A4,Y,CHA,CHAMPIGNY,9+0594,L10.586D,"48.826930,2.509853"
IS384,PCE,A4,Y,CHA,CHAMPIGNY,9+0650,L10.587E,"48.826720,2.511144"
IS385,PCE,A4,Y,CHA,CHAMPIGNY,9+0751,L10.588F,"48.826510,2.512586"
IS386,PCE,A4,Y,CHA,CHAMPIGNY,9+0854,L10.589G,"48.826435,2.513997"
IS387,PCE,A4,Y,CHA,CHAMPIGNY,9+0951,L10.591J,"48.826336,2.515317"
IS388,PCE,A4,W,CHA,CHAMPIGNY,9+0954,L10.592K,"48.826836,2.515422"
IS389,PCE,A4,W,CHA,CHAMPIGNY,9+0858,L10.593L,"48.826916,2.514108"
IS390,PCE,A4,W,CHA,CHAMPIGNY,9+0762,L10.594M,"48.827015,2.512789"
IS391,PCE,A4,W,CHA,CHAMPIGNY,9+0658,L10.595N,"48.827130,2.511556"
IS392,PCE,A4,W,CHA,CHAMPIGNY,9+0585,L10.596P,"48.827320,2.509961"
IS393,PCE,A4,W,CHA,CHAMPIGNY,9+0452,L10.597R,"48.827496,2.508631"
IS521,PCE,N19,Y,BOI,BOISSY,17+0444,L11.585R,"48.752283,2.512908"
IS522,PCE,N19,Y,BOI,BOISSY,17+0637,L11.586S,"48.750789,2.514139"
IS523,PCE,N19,Y,BOI,BOISSY,17+0832,L11.587T,"48.749178,2.514872"
IS524,PCE,N19,Y,BOI,BOISSY,18+0027,L11.588U,"48.747492,2.514578"
IS525,PCE,N19,W,BOI,BOISSY,18+0027,L11.589V,"48.747539,2.515075"
IS526,PCE,N19,W,BOI,BOISSY,17+0832,L11.591X,"48.749208,2.515356"
IS527,PCE,N19,W,BOI,BOISSY,17+0637,L11.592Y,"48.750839,2.514631"
IS528,PCE,N19,W,BOI,BOISSY,17+0487,L11.593A,"48.752561,2.513278"
IS201,PCN,A86NORD,I,CRN,LA_COURNEUVE,15+0808,L10.445K,"48.923320,2.383564"
IS202,PCN,A86NORD,I,CRN,LA_COURNEUVE,16+0118,L10.446L,"48.923794,2.386386"
IS203,PCN,A86NORD,E,CRN,LA_COURNEUVE,15+0826,L10.447M,"48.923733,2.383758"
IS204,PCN,A86NORD,E,CRN,LA_COURNEUVE,15+0683,L10.448N,"48.923332,2.381847"
IS211,PCN,A86NORD,I,LNO,LUMEN_NORTON,18+0990,L10.449P,"48.925682,2.423361"
IS212,PCN,A86NORD,I,LNO,LUMEN_NORTON,19+0570,L10.451S,"48.921806,2.427239"
IS213,PCN,A86NORD,E,LNO,LUMEN_NORTON,19+0600,L10.452T,"48.921420,2.427844"
IS214,PCN,A86NORD,E,LNO,LUMEN_NORTON,19+0410,L10.453U,"48.922935,2.427508"
IS221,PCN,A86NORD,I,BDR,BOBIGNY,20+0130,L10.454V,"48.916718,2.429297"
IS222,PCN,A86NORD,I,BDR,BOBIGNY,20+0340,L10.455W,"48.915123,2.430447"
IS223,PCN,A86NORD,I,BDR,BOBIGNY,20+0505,L10.456X,"48.914078,2.432219"
IS224,PCN,A86NORD,I,BDR,BOBIGNY,20+0660,L10.457Y,"48.913345,2.434208"
IS225,PCN,A86NORD,I,BDR,BOBIGNY,20+0930,L10.458A,"48.912304,2.437314"
IS226,PCN,A86NORD,I,BDR,BOBIGNY,21+0020,L10.459C,"48.911890,2.438570"
IS227,PCN,A86NORD,I,BDR,BOBIGNY,21+0130,L10.461E,"48.911407,2.439883"
IS228,PCN,A86NORD,I,BDR,BOBIGNY,21+0300,L10.462F,"48.910714,2.441833"
IS229,PCN,A86NORD,I,BDR,BOBIGNY,21+0710,L10.463G,"48.909320,2.446803"
IS230,PCN,A86NORD,I,BDR,BOBIGNY,21+0930,L10.464H,"48.908560,2.449547"
IS228A,PCN,A86NORD,I,BDR,BOBIGNY,21+0560,L10.465J,"48.909781,2.445136"
IS232,PCN,A86NORD,I,BDR,BOBIGNY,22+0120,L10.466K,"48.907803,2.452211"
IS237A,PCN,A86NORD,E,BDR,BOBIGNY,21+0335,L10.467L,"48.910922,2.442581"
IS234,PCN,A86NORD,E,BDR,BOBIGNY,22+0230,L10.468M,"48.907780,2.453519"
IS235,PCN,A86NORD,E,BDR,BOBIGNY,21+0991,L10.469N,"48.908527,2.450744"
IS236,PCN,A86NORD,E,BDR,BOBIGNY,21+0770,L10.471R,"48.909330,2.447908"
IS237,PCN,A86NORD,E,BDR,BOBIGNY,21+0590,L10.472S,"48.909946,2.445647"
IS238,PCN,A86NORD,E,BDR,BOBIGNY,21+0220,L10.473T,"48.911380,2.440978"
IS239,PCN,A86NORD,E,BDR,BOBIGNY,20+0900,L10.474U,"48.912594,2.437408"
IS240,PCN,A86NORD,E,BDR,BOBIGNY,20+0772,L10.475V,"48.913178,2.435779"
IS241,PCN,A86NORD,E,BDR,BOBIGNY,20+0530,L10.476W,"48.914204,2.432786"
IS238A,PCN,A86NORD,E,BDR,BOBIGNY,21+0051,L10.477X,"48.912015,2.439142"
IS243,PCN,A86NORD,E,BDR,BOBIGNY,20+0360,L10.478Y,"48.915108,2.431036"
IS224A,PCN,A86NORD,I,BDR,BOBIGNY,20+0780,L10.479A,"48.912869,2.435603"
IS245,PCN,A86NORD,E,BDR,BOBIGNY,20+0050,L10.481D,"48.917522,2.429389"
IS351,PCN,A1,Y,LAN,LANDY,0+0615,L10.562Y,"48.907543,2.358567"
IS352,PCN,A1,Y,LAN,LANDY,0+0775,L10.563A,"48.909030,2.358469"
IS353,PCN,A1,Y,LAN,LANDY,0+0875,L10.564C,"48.909992,2.358392"
IS354,PCN,A1,Y,LAN,LANDY,1+0029,L10.565D,"48.910812,2.358311"
IS355,PCN,A1,Y,LAN,LANDY,1+0040,L10.566E,"48.911440,2.358286"
IS356,PCN,A1,Y,LAN,LANDY,1+0150,L10.567F,"48.912450,2.358183"
IS357,PCN,A1,Y,LAN,LANDY,1+0275,L10.568G,"48.913494,2.358122"
IS358,PCN,A1,Y,LAN,LANDY,1+0415,L10.569H,"48.914770,2.358008"
IS359,PCN,A1,Y,LAN,LANDY,1+0610,L10.571K,"48.916492,2.357872"
IS360,PCN,A1,Y,LAN,LANDY,1+0720,L10.572L,"48.916607,2.357364"
IS361,PCN,A1,W,LAN,LANDY,1+0720,L10.573M,"48.917390,2.357292"
IS362,PCN,A1,W,LAN,LANDY,1+0645,L10.574N,"48.916607,2.357364"
IS363,PCN,A1,W,LAN,LANDY,1+0430,L10.575P,"48.914825,2.357508"
IS364,PCN,A1,W,LAN,LANDY,1+0270,L10.576R,"48.913483,2.357611"
IS365,PCN,A1,W,LAN,LANDY,1+0170,L10.577S,"48.912437,2.357711"
IS366,PCN,A1,W,LAN,LANDY,1+0040,L10.578T,"48.911420,2.357786"
IS367,PCN,A1,W,LAN,LANDY,0+0980,L10.579U,"48.910797,2.357842"
IS368,PCN,A1,W,LAN,LANDY,0+0880,L10.581W,"48.909973,2.357894"
IS369,PCN,A1,W,LAN,LANDY,0+0770,L10.582X,"48.909016,2.357969"
IS370,PCN,A1,W,LAN,LANDY,0+0625,L10.583Y,"48.907475,2.358108"
IS471,PCN,A115,Y,TAV,TAVERNY,6+0830,L10.647A,"49.019783,2.212633"
IS472,PCN,A115,Y,TAV,TAVERNY,7+0048,L10.648C,"49.021520,2.211364"
IS473,PCN,A115,Y,TAV,TAVERNY,7+0241,L10.649D,"49.023090,2.210214"
IS474,PCN,A115,W,TAV,TAVERNY,7+0241,L10.651F,"49.022972,2.209883"
IS475,PCN,A115,W,TAV,TAVERNY,7+0048,L10.652G,"49.021435,2.211028"
IS476,PCN,A115,W,TAV,TAVERNY,6+0830,L10.653H,"49.019684,2.212303"
IS301,PCS,A86SUD,I,FRE,FRESNES,51+0112,L10.532N,"48.758190,2.326767"
IS302,PCS,A86SUD,E,FRE,FRESNES,51+0110,L10.533P,"48.758020,2.326639"
IS311,PCS,A86SUD,I,ANT,ANTONY,52+0270,L10.534R,"48.763184,2.311044"
IS312,PCS,A86SUD,I,ANT,ANTONY,52+0464,L10.535S,"48.763610,2.308514"
IS313,PCS,A86SUD,I,ANT,ANTONY,52+0673,L10.536T,"48.763363,2.305703"
IS314,PCS,A86SUD,I,ANT,ANTONY,52+0884,L10.537U,"48.762660,2.302975"
IS315,PCS,A86SUD,I,ANT,ANTONY,52+1115,L10.538V,"48.762030,2.299964"
IS316,PCS,A86SUD,E,ANT,ANTONY,52+1163,L10.539W,"48.761787,2.299422"
IS317,PCS,A86SUD,E,ANT,ANTONY,52+0885,L10.541Y,"48.762530,2.303050"
IS318,PCS,A86SUD,E,ANT,ANTONY,52+0669,L10.542A,"48.763230,2.305781"
IS319,PCS,A86SUD,E,ANT,ANTONY,52+0462,L10.543C,"48.763498,2.308545"
IS320,PCS,A86SUD,E,ANT,ANTONY,52+0276,L10.544D,"48.762905,2.310853"
IS401,PCS,A6B,Y,ITA,ITALIE,0+0150,L10.598S,"48.816440,2.359191"
IS402,PCS,A6B,Y,ITA,ITALIE,0+0237,L10.599T,"48.816505,2.357995"
IS403,PCS,A6B,Y,ITA,ITALIE,0+0332,L10.601V,"48.816260,2.356800"
IS404,PCS,A6B,Y,BIC,BICETRE,0+0920,L10.602W,"48.812060,2.351981"
IS405,PCS,A6B,Y,BIC,BICETRE,0+1225,L10.603X,"48.810028,2.349328"
IS406,PCS,A6B,Y,BIC,BICETRE,1+0054,L10.604Y,"48.807842,2.347144"
IS407,PCS,A6B,Y,BIC,BICETRE,1+0275,L10.605A,"48.806168,2.345556"
IS408,PCS,A6B,Y,BIC,BICETRE,1+0490,L10.606C,"48.804443,2.344164"
IS409,PCS,A6B,W,BIC,BICETRE,1+0490,L10.607D,"48.804400,2.344411"
IS410,PCS,A6B,W,BIC,BICETRE,1+0275,L10.608E,"48.806060,2.345814"
IS411,PCS,A6B,W,BIC,BICETRE,1+0054,L10.609F,"48.807747,2.347403"
IS412,PCS,A6B,W,BIC,BICETRE,0+1050,L10.611H,"48.809940,2.349575"
IS413,PCS,A6B,W,BIC,BICETRE,0+0750,L10.612J,"48.811930,2.352158"
IS481,PCS,N7,Y,ORL,ORLY,2+0720,L10.654J,"48.728261,2.368461"
IS482,PCS,N7,W,ORL,ORLY,2+0710,L10.655K,"48.728303,2.368744"
IS331,PCO,A86OUEST,I,RUE,BELLE-RIVE,75+0075,L10.545E,"48.876713,2.161953"
IS332,PCO,A86OUEST,I,RUE,BELLE-RIVE,76+0028,L10.546F,"48.878050,2.163383"
IS333,PCO,A86OUEST,I,RUE,BELLE-RIVE,76+0175,L10.547G,"48.879337,2.164258"
IS334,PCO,A86OUEST,I,RUE,BELLE-RIVE,76+0032,L10.548H,"48.880524,2.164975"
IS335,PCO,A86OUEST,I,RUE,BELLE-RIVE,76+0436,L10.549J,"48.881557,2.165594"
IS336,PCO,A86OUEST,I,RUE,BELLE-RIVE,76+0055,L10.551L,"48.882465,2.165953"
IS337,PCO,A86OUEST,I,RUE,BELLE-RIVE,76+0759,L10.552M,"48.884388,2.165819"
IS338,PCO,A86OUEST,E,RUE,BELLE-RIVE,76+0097,L10.553N,"48.886160,2.165153"
IS339,PCO,A86OUEST,E,RUE,BELLE-RIVE,76+0756,L10.554P,"48.884323,2.165406"
IS340,PCO,A86OUEST,E,RUE,BELLE-RIVE,76+0055,L10.555R,"48.882520,2.165561"
IS341,PCO,A86OUEST,E,RUE,BELLE-RIVE,76+0046,L10.556S,"48.881870,2.165231"
IS342,PCO,A86OUEST,E,RUE,BELLE-RIVE,76+0313,L10.557T,"48.880634,2.164536"
IS343,PCO,A86OUEST,E,RUE,BELLE-RIVE,76+0019,L10.558U,"48.879433,2.163881"
IS344,PCO,A86OUEST,E,RUE,BELLE-RIVE,76+0038,L10.559V,"48.878185,2.163033"
IS345,PCO,A86OUEST,E,RUE,BELLE-RIVE,75+0753,L10.561X,"48.876880,2.161639"
IS421,PCO,A12,Y,FLF,FONTENAY,5+0346,L10.613K,"48.806484,2.051453"
IS422,PCO,A12,Y,FLF,FONTENAY,5+0544,L10.614L,"48.805035,2.049925"
IS423,PCO,A12,W,FLF,FONTENAY,5+0555,L10.615M,"48.804800,2.050431"
IS424,PCO,A12,W,FLF,FONTENAY,5+0356,L10.616N,"48.806280,2.051903"
IS431,PCO,A13,Y,BAP,AMBROISE_PARE,1+0063,L10.617P,"48.848520,2.242444"
IS432,PCO,A13,Y,BAP,AMBROISE_PARE,1+0149,L10.618R,"48.848515,2.241225"
IS433,PCO,A13,Y,BAP,AMBROISE_PARE,1+0246,L10.619S,"48.848490,2.239906"
IS434,PCO,A13,Y,BAP,AMBROISE_PARE,1+0338,L10.621U,"48.848476,2.238669"
IS435,PCO,A13,Y,BAP,AMBROISE_PARE,1+0433,L10.622V,"48.848450,2.237383"
IS436,PCO,A13,Y,BAP,AMBROISE_PARE,1+0533,L10.623W,"48.848390,2.236014"
IS437,PCO,A13,Y,BAP,AMBROISE_PARE,1+0622,L10.624X,"48.848366,2.234839"
IS438,PCO,A13,W,BAP,AMBROISE_PARE,1+0622,L10.625Y,"48.848034,2.234797"
IS439,PCO,A13,W,BAP,AMBROISE_PARE,1+0531,L10.626A,"48.848038,2.236064"
IS440,PCO,A13,W,BAP,AMBROISE_PARE,1+0441,L10.627C,"48.848130,2.237267"
IS441,PCO,A13,W,BAP,AMBROISE_PARE,1+0382,L10.628D,"48.848125,2.238075"
IS442,PCO,A13,W,BAP,AMBROISE_PARE,1+0305,L10.629E,"48.848156,2.239108"
IS443,PCO,A13,W,BAP,AMBROISE_PARE,1+0227,L10.631G,"48.848140,2.240150"
IS444,PCO,A13,W,BAP,AMBROISE_PARE,1+0124,L10.632H,"48.848160,2.241594"
IS445,PCO,A13,W,BAP,AMBROISE_PARE,1+0005,L10.633J,"48.848183,2.242586"
IS451,PCO,A13,Y,SCL,SAINT-CLOUD,3+0671,L10.634K,"48.839493,2.215619"
IS452,PCO,A13,Y,SCL,SAINT-CLOUD,3+0803,L10.635L,"48.839626,2.213808"
IS453,PCO,A13,Y,SCL,SAINT-CLOUD,3+0097,L10.636M,"48.839703,2.211558"
IS454,PCO,A13,Y,SCL,SAINT-CLOUD,4+0058,L10.637N,"48.839798,2.210381"
IS455,PCO,A13,Y,SCL,SAINT-CLOUD,4+0145,L10.638P,"48.839810,2.209172"
IS456,PCO,A13,Y,SCL,SAINT-CLOUD,4+0248,L10.639R,"48.839878,2.207703"
IS457,PCO,A13,W,SCL,SAINT-CLOUD,4+0302,L10.641T,"48.839314,2.207125"
IS458,PCO,A13,W,SCL,SAINT-CLOUD,4+0233,L10.642U,"48.839200,2.208139"
IS459,PCO,A13,W,SCL,SAINT-CLOUD,4+0124,L10.643V,"48.839085,2.209683"
IS460,PCO,A13,W,SCL,SAINT-CLOUD,3+0973,L10.644W,"48.838980,2.211669"
IS461,PCO,A13,W,SCL,SAINT-CLOUD,3+0825,L10.645X,"48.838867,2.213697"
IS462,PCO,A13,W,SCL,SAINT-CLOUD,3+0692,L10.646Y,"48.838802,2.215289"
IS492,PCO,N12,Y,CHE,CHENNEVIERES,37+0038,L10.666X,"48.797737,1.911011"
IS493,PCO,N12,W,CHE,CHENNEVIERES,37+0387,L10.667Y,"48.797390,1.911106"
IS463,PCO,A13,W,SCL,SAINT-CLOUD,3+0595,L11.515H,"48.838882,2.216631"
IS421A,PCO,A12,Y,FLF,FONTENAY,5+0411,L11.916K,"48.806040,2.051010"
IS421B,PCO,A12,Y,FLF,FONTENAY,5+0476,L11.917L,"48.805515,2.050474"
IS423A,PCO,A12,W,FLF,FONTENAY,5+0486,L11.918M,"48.805294,2.050994"
IS423B,PCO,A12,W,FLF,FONTENAY,5+0416,L11.919N,"48.805843,2.051530"
