CodeEx,PC,Tatouage,triCode,Fermeture
IS101,PCO,L10.366R,A14,A14&NEU-Y
IS102,PCO,L10.367S,A14,A14&NEU-Y
IS103,PCO,L10.368T,A14,A14&NEU-Y
IS104,PCO,L10.369U,A14,A14&NEU-Y
IS105,PCO,L10.371W,A14,A14&NEU-Y
IS106,PCO,L10.372X,A14,A14&NEU-Y
IS107,PCO,L10.373Y,A14,A14&NEU-Y
IS108,PCO,L10.374A,A14,A14&NEU-Y
IS109,PCO,L10.375C,A14,A14&NEU-Y
IS110,PCO,L10.376D,A14,A14&NEU-Y
IS111,PCO,L10.377E,A14,A14&NEU-Y
IS112,PCO,L10.378F,A14,A14&NEU-Y
IS113,PCO,L10.379G,A14,A14&NEU-Y
IS114,PCO,L10.381J,A14,A14&NEU-Y
IS115,PCO,L10.382K,A14,A14&NEU-Y
IS116,PCO,L10.383L,A14,A14&NEU-Y
IS117,PCO,L10.384M,A14,A14&NEU-Y
IS118,PCO,L10.385N,A14,A14&NEU-Y
IS119,PCO,L10.386P,A14,A14&NEU-Y
IS120,PCO,L10.387R,ECH,NAN&RUE-I
IS121,PCO,L10.388S,A14,A14&NEU-Y
IS122,PCO,L10.389T,ECH,NAN&RUE-E
IS123,PCO,L10.391V,ECH,NAN&RUE-E
IS124,PCO,L10.392W,ECH,NAN&RUE-E
IS125,PCO,L10.393X,ECH,NAN&RUE-E
IS126,PCO,L10.394Y,ECH,NAN&RUE-E
IS127,PCO,L10.395A,A14,A14&NEU-Y
IS128,PCO,L10.396C,A14,A14&NEU-W
IS129,PCO,L10.397D,A14,A14&NEU-W
IS130,PCO,L10.398E,ECH,A14&NEU-Y
IS131,PCO,L10.399F,ECH,A14&NEU-Y
IS132,PCO,L10.401H,ECH,A14&NEU-W
IS133,PCO,L10.402J,ECH,A14&NEU-W
IS134,PCO,L10.403K,ECH,A14&NEU-W
IS135,PCO,L10.404L,ECH,A14&NEU-W
IS136,PCO,L10.405M,ECH,A14&NEU-W
IS137,PCO,L10.406N,A14,A14&NEU-W
IS138,PCO,L10.407P,A14,A14&NEU-W
IS139,PCO,L10.408R,A14,A14&NEU-W
IS140,PCO,L10.409S,A14,A14&NEU-W
IS141,PCO,L10.411U,A14,A14&NEU-W
IS142,PCO,L10.412V,A14,A14&NEU-W
IS143,PCO,L10.413W,A14,A14&NEU-W
IS144,PCO,L10.414X,A14,A14&NEU-W
IS145,PCO,L10.415Y,A14,A14&NEU-W
IS146,PCO,L10.416A,A14,A14&NEU-W
IS147,PCO,L10.417C,A14,A14&NEU-W
IS148,PCO,L10.418D,A14,A14&NEU-W
IS149,PCO,L10.419E,A14,A14&NEU-W
IS150,PCO,L10.421G,A14,A14&NEU-W
IS151,PCO,L10.422H,A14,A14&NEU-W
IS152,PCO,L10.423J,A14,A14&NEU-W
IS153,PCO,L10.424K,A14,A14&NEU-W
IS103A,PCO,L10.425L,A14,A14&NEU-Y
IS154,PCO,L10.426M,A14,A14&NEU-W
IS171,PCO,L10.429R,NAN,NAN-I
IS172,PCO,L10.431T,NAN,NAN-I
IS173,PCO,L10.432U,NAN,NAN-I
IS174,PCO,L10.433V,NAN,NAN-I
IS175,PCO,L10.434W,NAN,NAN-I
IS176,PCO,L10.435X,ECH,A14&NEU-W
IS177,PCO,L10.436Y,ECH,A14&NEU-W
IS178,PCO,L10.437A,NAN,NAN-I
IS179,PCO,L10.438C,NAN,NAN-E
IS180,PCO,L10.439D,NAN,NAN-E
IS181,PCO,L10.441F,NAN,NAN-E
IS182,PCO,L10.442G,NAN,NAN-E
IS183,PCO,L10.443H,NAN,NAN-E
IS184,PCO,L10.444J,NAN,NAN-E
IS201,PCN,L10.445K,CRN,BLN&CRN-I
IS202,PCN,L10.446L,CRN,BLN&CRN-I
IS203,PCN,L10.447M,CRN,BLN&CRN-E
IS204,PCN,L10.448N,CRN,BLN&CRN-E
IS211,PCN,L10.449P,LNO,BLN&CRN-I
IS212,PCN,L10.451S,LNO,BLN&CRN-I
IS213,PCN,L10.452T,LNO,BLN&CRN-E
IS214,PCN,L10.453U,LNO,BLN&CRN-E
IS221,PCN,L10.454V,BDR,BLN&CRN-I
IS222,PCN,L10.455W,BDR,BLN&CRN-I
IS223,PCN,L10.456X,BDR,BLN&CRN-I
IS224,PCN,L10.457Y,BDR,BLN&CRN-I
IS225,PCN,L10.458A,BDR,BLN&CRN-I
IS226,PCN,L10.459C,BDR,BLN&CRN-I
IS227,PCN,L10.461E,BDR,BLN&CRN-I
IS228,PCN,L10.462F,BDR,BLN&CRN-I
IS229,PCN,L10.463G,BDR,BLN&CRN-I
IS230,PCN,L10.464H,BDR,BLN&CRN-I
IS228A,PCN,L10.465J,BDR,BLN&CRN-I
IS232,PCN,L10.466K,BDR,BLN&CRN-I
IS237A,PCN,L10.467L,BDR,BLN&CRN-E
IS234,PCN,L10.468M,BDR,BLN&CRN-E
IS235,PCN,L10.469N,BDR,BLN&CRN-E
IS236,PCN,L10.471R,BDR,BLN&CRN-E
IS237,PCN,L10.472S,BDR,BLN&CRN-E
IS238,PCN,L10.473T,BDR,BLN&CRN-E
IS239,PCN,L10.474U,BDR,BLN&CRN-E
IS240,PCN,L10.475V,BDR,BLN&CRN-E
IS241,PCN,L10.476W,BDR,BLN&CRN-E
IS238A,PCN,L10.477X,BDR,BLN&CRN-E
IS243,PCN,L10.478Y,BDR,BLN&CRN-E
IS224A,PCN,L10.479A,BDR,BLN&CRN-I
IS245,PCN,L10.481D,BDR,BLN&CRN-E
IS251,PCE,L10.482E,NOG,NOG-I
IS252,PCE,L10.483F,NOG,NOG-I
IS253,PCE,L10.484G,NOG,NOG-I
IS254,PCE,L10.485H,NOG,NOG-I
IS255,PCE,L10.486J,NOG,NOG-I
IS256,PCE,L10.487K,NOG,NOG-I
IS257,PCE,L10.488L,NOG,NOG-I
IS258,PCE,L10.489M,NOG,NOG-I
IS259,PCE,L10.491P,NOG,NOG-I
IS260,PCE,L10.492R,NOG,NOG-I
IS261,PCE,L10.493S,NOG,NOG-E
IS262,PCE,L10.494T,NOG,NOG-E
IS263,PCE,L10.495U,NOG,NOG-E
IS264,PCE,L10.496V,NOG,NOG-E
IS265,PCE,L10.497W,NOG,NOG-E
IS266,PCE,L10.498X,NOG,NOG-E
IS267,PCE,L10.499Y,NOG,NOG-E
IS268,PCE,L10.501C,NOG,NOG-E
IS269,PCE,L10.502D,NOG,NOG-E
IS271,PCE,L10.503E,GMO,GMO&MOU-I
IS272,PCE,L10.504F,GMO,GMO&MOU-I
IS273,PCE,L10.505G,GMO,GMO&MOU-I
IS274,PCE,L10.506H,GMO,GMO&MOU-I
IS275,PCE,L10.507J,GMO,GMO&MOU-I
IS276,PCE,L10.508K,GMO,GMO&MOU-E
IS277,PCE,L10.509L,GMO,GMO&MOU-E
IS278,PCE,L10.511N,GMO,GMO&MOU-E
IS279,PCE,L10.512P,GMO,GMO&MOU-E
IS280,PCE,L10.513R,GMO,GMO&MOU-E
IS281,PCE,L10.514S,MOU,GMO&MOU-I
IS282,PCE,L10.515T,MOU,GMO&MOU-I
IS283,PCE,L10.516U,MOU,GMO&MOU-I
IS284,PCE,L10.517V,MOU,GMO&MOU-I
IS285,PCE,L10.518W,MOU,GMO&MOU-I
IS286,PCE,L10.519X,MOU,GMO&MOU-I
IS287,PCE,L10.521A,MOU,GMO&MOU-E
IS288,PCE,L10.522C,MOU,GMO&MOU-E
IS289,PCE,L10.523D,MOU,GMO&MOU-E
IS290,PCE,L10.524E,MOU,GMO&MOU-E
IS291,PCE,L10.525F,MOU,GMO&MOU-E
IS292,PCE,L10.526G,MOU,GMO&MOU-E
IS293,PCE,L10.527H,MOU,GMO&MOU-E
IS294,PCE,L10.528J,MOU,GMO&MOU-E
IS295,PCE,L10.529K,MOU,GMO&MOU-E
IS296,PCE,L10.531M,MOU,GMO&MOU-E
IS301,PCS,L10.532N,FRE,FRE&ANT-I
IS302,PCS,L10.533P,FRE,FRE&ANT-E
IS311,PCS,L10.534R,ANT,FRE&ANT-I
IS312,PCS,L10.535S,ANT,FRE&ANT-I
IS313,PCS,L10.536T,ANT,FRE&ANT-I
IS314,PCS,L10.537U,ANT,FRE&ANT-I
IS315,PCS,L10.538V,ANT,FRE&ANT-I
IS316,PCS,L10.539W,ANT,FRE&ANT-E
IS317,PCS,L10.541Y,ANT,FRE&ANT-E
IS318,PCS,L10.542A,ANT,FRE&ANT-E
IS319,PCS,L10.543C,ANT,FRE&ANT-E
IS320,PCS,L10.544D,ANT,FRE&ANT-E
IS331,PCO,L10.545E,RUE,RUE-I
IS332,PCO,L10.546F,RUE,RUE-I
IS333,PCO,L10.547G,RUE,RUE-I
IS334,PCO,L10.548H,RUE,RUE-I
IS335,PCO,L10.549J,RUE,RUE-I
IS336,PCO,L10.551L,RUE,RUE-I
IS337,PCO,L10.552M,RUE,RUE-I
IS338,PCO,L10.553N,RUE,RUE-E
IS339,PCO,L10.554P,RUE,RUE-E
IS340,PCO,L10.555R,RUE,RUE-E
IS341,PCO,L10.556S,RUE,RUE-E
IS342,PCO,L10.557T,RUE,RUE-E
IS343,PCO,L10.558U,RUE,RUE-E
IS344,PCO,L10.559V,RUE,RUE-E
IS345,PCO,L10.561X,RUE,RUE-E
IS351,PCN,L10.562Y,LAN,LAN-Y
IS352,PCN,L10.563A,LAN,LAN-Y
IS353,PCN,L10.564C,LAN,LAN-Y
IS354,PCN,L10.565D,LAN,LAN-Y
IS355,PCN,L10.566E,LAN,LAN-Y
IS356,PCN,L10.567F,LAN,LAN-Y
IS357,PCN,L10.568G,LAN,LAN-Y
IS358,PCN,L10.569H,LAN,LAN-Y
IS359,PCN,L10.571K,LAN,LAN-Y
IS360,PCN,L10.572L,LAN,LAN-Y
IS361,PCN,L10.573M,LAN,LAN-W
IS362,PCN,L10.574N,LAN,LAN-W
IS363,PCN,L10.575P,LAN,LAN-W
IS364,PCN,L10.576R,LAN,LAN-W
IS365,PCN,L10.577S,LAN,LAN-W
IS366,PCN,L10.578T,LAN,LAN-W
IS367,PCN,L10.579U,LAN,LAN-W
IS368,PCN,L10.581W,LAN,LAN-W
IS369,PCN,L10.582X,LAN,LAN-W
IS370,PCN,L10.583Y,LAN,LAN-W
IS381,PCE,L10.584A,CHA,CHA-Y
IS382,PCE,L10.585C,CHA,CHA-Y
IS383,PCE,L10.586D,CHA,CHA-Y
IS384,PCE,L10.587E,CHA,CHA-Y
IS385,PCE,L10.588F,CHA,CHA-Y
IS386,PCE,L10.589G,CHA,CHA-Y
IS387,PCE,L10.591J,CHA,CHA-Y
IS388,PCE,L10.592K,CHA,CHA-W
IS389,PCE,L10.593L,CHA,CHA-W
IS390,PCE,L10.594M,CHA,CHA-W
IS391,PCE,L10.595N,CHA,CHA-W
IS392,PCE,L10.596P,CHA,CHA-W
IS393,PCE,L10.597R,CHA,CHA-W
IS401,PCS,L10.598S,ITA,BIC&ITA-Y
IS402,PCS,L10.599T,ITA,BIC&ITA-Y
IS403,PCS,L10.601V,ITA,BIC&ITA-Y
IS404,PCS,L10.602W,BIC,BIC&ITA-Y
IS405,PCS,L10.603X,BIC,BIC&ITA-Y
IS406,PCS,L10.604Y,BIC,BIC&ITA-Y
IS407,PCS,L10.605A,BIC,BIC&ITA-Y
IS408,PCS,L10.606C,BIC,BIC&ITA-Y
IS409,PCS,L10.607D,BIC,BIC&ITA-W
IS410,PCS,L10.608E,BIC,BIC&ITA-W
IS411,PCS,L10.609F,BIC,BIC&ITA-W
IS412,PCS,L10.611H,BIC,BIC&ITA-W
IS413,PCS,L10.612J,BIC,BIC&ITA-W
IS421,PCO,L10.613K,FLF,FLF-Y
IS422,PCO,L10.614L,FLF,FLF-Y
IS423,PCO,L10.615M,FLF,FLF-W
IS424,PCO,L10.616N,FLF,FLF-W
IS431,PCO,L10.617P,BAP,BAP&SCL-Y
IS432,PCO,L10.618R,BAP,BAP&SCL-Y
IS433,PCO,L10.619S,BAP,BAP&SCL-Y
IS434,PCO,L10.621U,BAP,BAP&SCL-Y
IS435,PCO,L10.622V,BAP,BAP&SCL-Y
IS436,PCO,L10.623W,BAP,BAP&SCL-Y
IS437,PCO,L10.624X,BAP,BAP&SCL-Y
IS438,PCO,L10.625Y,BAP,BAP&SCL-W
IS439,PCO,L10.626A,BAP,BAP&SCL-W
IS440,PCO,L10.627C,BAP,BAP&SCL-W
IS441,PCO,L10.628D,BAP,BAP&SCL-W
IS442,PCO,L10.629E,BAP,BAP&SCL-W
IS443,PCO,L10.631G,BAP,BAP&SCL-W
IS444,PCO,L10.632H,BAP,BAP&SCL-W
IS445,PCO,L10.633J,BAP,BAP&SCL-W
IS451,PCO,L10.634K,SCL,BAP&SCL-Y
IS452,PCO,L10.635L,SCL,BAP&SCL-Y
IS453,PCO,L10.636M,SCL,BAP&SCL-Y
IS454,PCO,L10.637N,SCL,BAP&SCL-Y
IS455,PCO,L10.638P,SCL,BAP&SCL-Y
IS456,PCO,L10.639R,SCL,BAP&SCL-Y
IS457,PCO,L10.641T,SCL,BAP&SCL-W
IS458,PCO,L10.642U,SCL,BAP&SCL-W
IS459,PCO,L10.643V,SCL,BAP&SCL-W
IS460,PCO,L10.644W,SCL,BAP&SCL-W
IS461,PCO,L10.645X,SCL,BAP&SCL-W
IS462,PCO,L10.646Y,SCL,BAP&SCL-W
IS471,PCN,L10.647A,TAV,TAV
IS472,PCN,L10.648C,TAV,TAV
IS473,PCN,L10.649D,TAV,TAV
IS474,PCN,L10.651F,TAV,TAV
IS475,PCN,L10.652G,TAV,TAV
IS476,PCN,L10.653H,TAV,TAV
IS481,PCS,L10.654J,ORL,ORL
IS482,PCS,L10.655K,ORL,ORL
IS492,PCO,L10.666X,CHE,CHE
IS493,PCO,L10.667Y,CHE,CHE
IS501,PCO,L10.668A,NEU,A14&NEU-Y
IS502,PCO,L10.669C,NEU,A14&NEU-W
IS511,PCO,L10.671E,SEV,SEV
IS512,PCO,L10.672F,SEV,SEV
IS513,PCO,L10.673G,SEV,SEV
IS514,PCO,L10.674H,SEV,SEV
IS515,PCO,L10.675J,SEV,SEV
IS516,PCO,L10.676K,SEV,SEV
IS155,PCO,L10.834X,A14,A14&NEU-W
IS156,PCO,L10.835Y,A14,A14&NEU-W
IS157,PCO,L10.836A,A14,A14&NEU-W
IS158,PCO,L10.837C,A14,A14&NEU-W
IS503,PCO,L11.513F,NEU,A14&NEU-W
IS504,PCO,L11.514G,NEU,A14&NEU-W
IS463,PCO,L11.515H,SCL,BAP&SCL-W
IS521,PCE,L11.585R,BOI,BOI-Y
IS522,PCE,L11.586S,BOI,BOI-Y
IS523,PCE,L11.587T,BOI,BOI-Y
IS524,PCE,L11.588U,BOI,BOI-Y
IS525,PCE,L11.589V,BOI,BOI-W
IS526,PCE,L11.591X,BOI,BOI-W
IS527,PCE,L11.592Y,BOI,BOI-W
IS528,PCE,L11.593A,BOI,BOI-W
IS185,PCO,L11.773P,ECH,NAN&RUE-I
IS186,PCO,L11.774R,ECH,NAN&RUE-I
IS421A,PCO,L11.916K,FLF,FLF-Y
IS421B,PCO,L11.917L,FLF,FLF-Y
IS423A,PCO,L11.918M,FLF,FLF-W
IS423B,PCO,L11.919N,FLF,FLF-W
